time_s,position_m,velocity_m_s,left_thrust_N,right_thrust_N
0,0,0,0,0
0.016666667,0.0010898939,0.065393634,8980.38,0
0.033333333,0.0032696817,0.13078727,8980.38,0
0.05,0.0065393634,0.1961809,8980.38,0
0.066666667,0.010898939,0.26157454,8980.38,0
0.083333333,0.016348409,0.32696817,8980.38,0
0.1,0.022887772,0.3923618,8980.38,0
0.11666667,0.030517029,0.45775544,8980.38,0
0.13333333,0.039236181,0.52314908,8980.38,0
0.15,0.049045226,0.58854271,8980.38,0
0.16666667,0.059944165,0.65393635,8980.38,0
0.18333333,0.071932998,0.71932997,8980.38,0
0.2,0.085011725,0.78472361,8980.38,0
0.21666667,0.099180345,0.85011725,8980.38,0
0.23333333,0.11443886,0.91551088,8980.38,0
0.25,0.13078727,0.98090452,8980.38,0
0.26666667,0.14822557,1.0462982,8980.38,0
0.28333333,0.16675377,1.1116918,8980.38,0
0.3,0.18637186,1.1770854,8980.38,0
0.31666667,0.20707984,1.2424791,8980.38,0
0.33333333,0.22887772,1.3078727,8980.38,0
0.35,0.25176549,1.3732663,8980.38,0
0.36666667,0.27574316,1.43866,8980.38,0
0.38333333,0.30081072,1.5040536,8980.38,0
0.4,0.32696817,1.5694472,8980.38,0
0.41666667,0.35421552,1.6348409,8980.38,0
0.43333333,0.38255276,1.7002345,8980.38,0
0.45,0.4119799,1.7656281,8980.38,0
0.46666667,0.44249693,1.8310218,8980.38,0
0.48333333,0.47410385,1.8964154,8980.38,0
0.5,0.50680067,1.961809,8980.38,0
0.51666667,0.54058738,2.0272027,8980.38,0
0.53333333,0.57546398,2.0925963,8980.38,0
0.55,0.61143048,2.1579899,8980.38,0
0.56666667,0.64848687,2.2233836,8980.38,0
0.58333333,0.68663316,2.2887772,8980.38,0
0.6,0.72586934,2.3541708,8980.38,0
0.61666667,0.76619542,2.4195645,8980.38,0
0.63333333,0.80761138,2.4849581,8980.38,0
0.65,0.85011725,2.5503517,8980.38,0
0.66666667,0.893713,2.6157454,8980.38,0
0.68333333,0.93839865,2.681139,8980.38,0
0.7,0.9841742,2.7465326,8980.38,0
0.71666667,1.0310396,2.8119263,8980.38,0
0.73333333,1.078995,2.8773199,8980.38,0
0.75,1.1280402,2.9427135,8980.38,0
0.76666667,1.1781753,3.0081072,8980.38,0
0.78333333,1.2294003,3.0735008,8980.38,0
0.8,1.2817152,3.1388944,8980.38,0
0.81666667,1.33512,3.2042881,8980.38,0
0.83333333,1.3896147,3.2696817,8980.38,0
0.85,1.4451993,3.3350754,8980.38,0
0.86666667,1.5018738,3.400469,8980.38,0
0.88333333,1.5596382,3.4658626,8980.38,0
0.9,1.6184924,3.5312563,8980.38,0
0.91666667,1.6784366,3.5966499,8980.38,0
0.93333333,1.7394707,3.6620435,8980.38,0
0.95,1.8015946,3.7274372,8980.38,0
0.96666667,1.8648085,3.7928308,8980.38,0
0.98333333,1.9291122,3.8582244,8980.38,0
1,1.9945058,3.9236181,8980.38,0
1.0166667,2.0609894,3.9890117,8980.38,0
1.0333333,2.1285628,4.0544053,8980.38,0
1.05,2.1972261,4.119799,8980.38,0
1.0666667,2.2669793,4.1851926,8980.38,0
1.0833333,2.3378224,4.2505862,8980.38,0
1.1,2.4097554,4.3159799,8980.38,0
1.1166667,2.4827783,4.3813735,8980.38,0
1.1333333,2.5568911,4.4467671,8980.38,0
1.15,2.6320938,4.5121608,8980.38,0
1.1666667,2.7083864,4.5775544,8980.38,0
1.1833333,2.7857688,4.642948,8980.38,0
1.2,2.8642412,4.7083417,8980.38,0
1.2166667,2.9438034,4.7737353,8980.38,0
1.2333333,3.0244556,4.8391289,8980.38,0
1.25,3.1061976,4.9045226,8980.38,0
1.2666667,3.1890296,4.9699162,8980.38,0
1.2833333,3.2729514,5.0353098,8980.38,0
1.3,3.3579631,5.1007035,8980.38,0
1.3166667,3.4440647,5.1660971,8980.38,0
1.3333333,3.5312563,5.2314907,8980.38,0
1.35,3.6195377,5.2968844,8980.38,0
1.3666667,3.708909,5.362278,8980.38,0
1.3833333,3.7993702,5.4276717,8980.38,0
1.4,3.8909212,5.4930653,8980.38,0
1.4166667,3.9835622,5.5584589,8980.38,0
1.4333333,4.0772931,5.6238526,8980.38,0
1.45,4.1721139,5.6892462,8980.38,0
1.4666667,4.2680245,5.7546398,8980.38,0
1.4833333,4.3650251,5.8200334,8980.38,0
1.5,4.4631155,5.8854271,8980.38,0
1.5166667,4.5622959,5.9508207,8980.38,0
1.5333333,4.6625661,6.0162144,8980.38,0
1.55,4.7639263,6.081608,8980.38,0
1.5666667,4.8663763,6.1470016,8980.38,0
1.5833333,4.9699162,6.2123953,8980.38,0
1.6,5.074546,6.2777889,8980.38,0
1.6166667,5.1802657,6.3431825,8980.38,0
1.6333333,5.2870753,6.4085762,8980.38,0
1.65,5.3949748,6.4739698,8980.38,0
1.6666667,5.5039642,6.5393634,8980.38,0
1.6833333,5.6140435,6.6047571,8980.38,0
1.7,5.7252127,6.6701507,8980.38,0
1.7166667,5.8374718,6.7355443,8980.38,0
1.7333333,5.9508207,6.800938,8980.38,0
1.75,6.0652596,6.8663316,8980.38,0
1.7666667,6.1807883,6.9317252,8980.38,0
1.7833333,6.297407,6.9971189,8980.38,0
1.8,6.4151155,7.0625125,8980.38,0
1.8166667,6.533914,7.1279061,8980.38,0
1.8333333,6.6538023,7.1932998,8980.38,0
1.85,6.7747805,7.2586934,8980.38,0
1.8666667,6.8968486,7.324087,8980.38,0
1.8833333,7.0200066,7.3894807,8980.38,0
1.9,7.1442545,7.4548743,8980.38,0
1.9166667,7.2695923,7.5202679,8980.38,0
1.9333333,7.39602,7.5856616,8980.38,0
1.95,7.5235376,7.6510552,8980.38,0
1.9666667,7.6521451,7.7164488,8980.38,0
1.9833333,7.7818425,7.7818425,8980.38,0
2,7.9126298,7.8472361,8980.38,0
2.0166667,8.0445069,7.9126297,8980.38,0
2.0333333,8.177474,7.9780234,8980.38,0
2.05,8.3115309,8.043417,8980.38,0
2.0666667,8.4466778,8.1088107,8980.38,0
2.0833333,8.5829145,8.1742043,8980.38,0
2.1,8.7202411,8.2395979,8980.38,0
2.1166667,8.8586577,8.3049916,8980.38,0
2.1333333,8.9981641,8.3703852,8980.38,0
2.15,9.1387604,8.4357788,8980.38,0
2.1666667,9.2804466,8.5011725,8980.38,0
2.1833333,9.4232227,8.5665661,8980.38,0
2.2,9.5670887,8.6319597,8980.38,0
2.2166667,9.7120446,8.6973534,8980.38,0
2.2333333,9.8580904,8.762747,8980.38,0
2.25,10.005226,8.8281406,8980.38,0
2.2666667,10.153452,8.8935343,8980.38,0
2.2833333,10.302767,8.9589279,8980.38,0
2.3,10.453172,9.0243215,8980.38,0
2.3166667,10.604668,9.0897152,8980.38,0
2.3333333,10.757253,9.1551088,8980.38,0
2.35,10.910928,9.2205024,8980.38,0
2.3666667,11.065693,9.2858961,8980.38,0
2.3833333,11.221548,9.3512897,8980.38,0
2.4,11.378492,9.4166833,8980.38,0
2.4166667,11.536527,9.482077,8980.38,0
2.4333333,11.695651,9.5474706,8980.38,0
2.45,11.855866,9.6128642,8980.38,0
2.4666667,12.01717,9.6782579,8980.38,0
2.4833333,12.179564,9.7436515,8980.38,0
2.5,12.343048,9.8090451,8980.38,0
2.5166667,12.507622,9.8744388,8980.38,0
2.5333333,12.673286,9.9398324,8980.38,0
2.55,12.84004,10.005226,8980.38,0
2.5666667,13.007884,10.07062,8980.38,0
2.5833333,13.176817,10.136013,8980.38,0
2.6,13.346841,10.201407,8980.38,0
2.6166667,13.517954,10.266801,8980.38,0
2.6333333,13.690157,10.332194,8980.38,0
2.65,13.86345,10.397588,8980.38,0
2.6666667,14.037833,10.462981,8980.38,0
2.6833333,14.213306,10.528375,8980.38,0
2.7,14.389869,10.593769,8980.38,0
2.7166667,14.567522,10.659162,8980.38,0
2.7333333,14.746265,10.724556,8980.38,0
2.75,14.926097,10.78995,8980.38,0
2.7666667,15.107019,10.855343,8980.38,0
2.7833333,15.289032,10.920737,8980.38,0
2.8,15.472134,10.986131,8980.38,0
2.8166667,15.656326,11.051524,8980.38,0
2.8333333,15.841608,11.116918,8980.38,0
2.85,16.02798,11.182311,8980.38,0
2.8666667,16.215442,11.247705,8980.38,0
2.8833333,16.403993,11.313099,8980.38,0
2.9,16.593635,11.378492,8980.38,0
2.9166667,16.784366,11.443886,8980.38,0
2.9333333,16.976187,11.50928,8980.38,0
2.95,17.169099,11.574673,8980.38,0
2.9666667,17.3631,11.640067,8980.38,0
2.9833333,17.558191,11.705461,8980.38,0
3,17.754372,11.770854,8980.38,0
3.0166667,17.951643,11.836248,8980.38,0
3.0333333,18.150003,11.901641,8980.38,0
3.05,18.349454,11.967035,8980.38,0
3.0666667,18.549994,12.032429,8980.38,0
3.0833333,18.751625,12.097822,8980.38,0
3.1,18.954345,12.163216,8980.38,0
3.1166667,19.158155,12.22861,8980.38,0
3.1333333,19.363055,12.294003,8980.38,0
3.15,19.569045,12.359397,8980.38,0
3.1666667,19.776125,12.424791,8980.38,0
3.1833333,19.984295,12.490184,8980.38,0
3.2,20.193554,12.555578,8980.38,0
3.2166667,20.403904,12.620971,8980.38,0
3.2333333,20.615343,12.686365,8980.38,0
3.25,20.827873,12.751759,8980.38,0
3.2666667,21.041492,12.817152,8980.38,0
3.2833333,21.256201,12.882546,8980.38,0
3.3,21.472,12.94794,8980.38,0
3.3166667,21.688889,13.013333,8980.38,0
3.3333333,21.906867,13.078727,8980.38,0
3.35,22.125936,13.144121,8980.38,0
3.3666667,22.346095,13.209514,8980.38,0
3.3833333,22.567343,13.274908,8980.38,0
3.4,22.789682,13.340301,8980.38,0
3.4166667,23.01311,13.405695,8980.38,0
3.4333333,23.237628,13.471089,8980.38,0
3.45,23.463236,13.536482,8980.38,0
3.4666667,23.689934,13.601876,8980.38,0
3.4833333,23.917722,13.66727,8980.38,0
3.5,24.146599,13.732663,8980.38,0
3.5166667,24.376567,13.798057,8980.38,0
3.5333333,24.607625,13.86345,8980.38,0
3.55,24.839772,13.928844,8980.38,0
3.5666667,25.073009,13.994238,8980.38,0
3.5833333,25.307336,14.059631,8980.38,0
3.6,25.542754,14.125025,8980.38,0
3.6166667,25.779261,14.190419,8980.38,0
3.6333333,26.016857,14.255812,8980.38,0
3.65,26.255544,14.321206,8980.38,0
3.6666667,26.495321,14.3866,8980.38,0
3.6833333,26.736187,14.451993,8980.38,0
3.7,26.978144,14.517387,8980.38,0
3.7166667,27.22119,14.58278,8980.38,0
3.7333333,27.465326,14.648174,8980.38,0
3.75,27.710553,14.713568,8980.38,0
3.7666667,27.956869,14.778961,8980.38,0
3.7833333,28.204274,14.844355,8980.38,0
3.8,28.45277,14.909749,8980.38,0
3.8166667,28.702356,14.975142,8980.38,0
3.8333333,28.953032,15.040536,8980.38,0
3.85,29.204797,15.10593,8980.38,0
3.8666667,29.457647,15.17101,8939.7575,0
3.8833333,29.711567,15.235213,8825.6507,0
3.9,29.966543,15.298539,8711.8846,0
3.9166667,30.22256,15.360991,8598.4612,0
3.9333333,30.479603,15.422573,8485.3825,0
3.95,30.737657,15.483287,8372.6506,0
3.9666667,30.99671,15.543136,8260.2673,0
3.9833333,31.256745,15.602122,8148.2346,0
4,31.517749,15.660248,8036.5545,0
4.0166667,31.779708,15.717516,7925.2288,0
4.0333333,32.042607,15.77393,7814.2594,0
4.05,32.306431,15.829493,7703.6482,0
4.0666667,32.571168,15.884206,7593.397,0
4.0833333,32.836803,15.938073,7483.5076,0
4.1,33.103321,15.991097,7373.9818,0
4.1166667,33.370709,16.043281,7264.8214,0
4.1333333,33.638953,16.094626,7156.0281,0
4.15,33.908038,16.145137,7047.6036,0
4.1666667,34.177952,16.194815,6939.5496,0
4.1833333,34.44868,16.243665,6831.8678,0
4.2,34.720208,16.291688,6724.5598,0
4.2166667,34.992523,16.338888,6617.6273,0
4.2333333,35.26561,16.385267,6511.0719,0
4.25,35.539458,16.430828,6404.8952,0
4.2666667,35.814051,16.475575,6299.0987,0
4.2833333,36.089376,16.519511,6193.684,0
4.3,36.36542,16.562637,6088.6526,0
4.3166667,36.642169,16.604958,5984.006,0
4.3333333,36.91961,16.646475,5879.7457,0
4.35,37.19773,16.687193,5775.8732,0
4.3666667,37.476515,16.727114,5672.3898,0
4.3833333,37.755953,16.766242,5569.297,0
4.4,38.036029,16.804578,5466.5962,0
4.4166667,38.316731,16.842127,5364.2888,0
4.4333333,38.598046,16.87889,5262.3761,0
4.45,38.87996,16.914873,5160.8594,0
4.4666667,39.162462,16.950076,5059.7401,0
4.4833333,39.445537,16.984504,4959.0194,0
4.5,39.729173,17.018159,4858.6986,0
4.5166667,40.013357,17.051045,4758.7791,0
4.5333333,40.298076,17.083165,4659.2618,0
4.55,40.583318,17.114521,4560.1482,0
4.5666667,40.86907,17.145118,4461.4394,0
4.5833333,41.15532,17.174957,4363.1365,0
4.6,41.442054,17.204043,4265.2408,0
4.6166667,41.72926,17.232378,4167.7532,0
4.6333333,42.016926,17.259965,4070.675,0
4.65,42.305039,17.286808,3974.0071,0
4.6666667,42.593588,17.31291,3877.7508,0
4.6833333,42.882559,17.338274,3781.9069,0
4.7,43.171941,17.362903,3686.4766,0
4.7166667,43.461721,17.3868,3591.4609,0
4.7333333,43.751887,17.409969,3496.8607,0
4.75,44.042427,17.432412,3402.6769,0
4.7666667,44.333329,17.454134,3308.9107,0
4.7833333,44.624582,17.475137,3215.5628,0
4.8,44.916172,17.495424,3122.6341,0
4.8166667,45.208089,17.514998,3030.1257,0
4.8333333,45.50032,17.533864,2938.0383,0
4.85,45.792854,17.552024,2846.3727,0
4.8666667,46.085678,17.569481,2755.1299,0
4.8833333,46.378782,17.586239,2664.3106,0
4.9,46.672154,17.602301,2573.9156,0
4.9166667,46.965782,17.61767,2483.9457,0
4.9333333,47.259654,17.63235,2394.4016,0
4.95,47.55376,17.646343,2305.2842,0
4.9666667,47.848088,17.659653,2216.594,0
4.9833333,48.142626,17.672284,2128.3318,0
5,48.437363,17.684238,2040.4983,0
5.0166667,48.732288,17.69552,1953.0941,0
5.0333333,49.02739,17.706131,1866.1199,0
5.05,49.322658,17.716077,1779.5762,0
5.0666667,49.618081,17.725359,1693.4638,0
5.0833333,49.913647,17.733981,1607.7832,0
5.1,50.209346,17.741947,1522.535,0
5.1166667,50.505167,17.74926,1437.7196,0
5.1333333,50.8011,17.755923,1353.3378,0
5.15,51.097132,17.761939,1269.3898,0
5.1666667,51.393254,17.767313,1185.8764,0
5.1833333,51.689454,17.772047,1102.7979,0
5.2,51.985724,17.776144,1020.1548,0
5.2166667,52.28205,17.779608,937.94752,0
5.2333333,52.578424,17.782443,856.17655,0
5.25,52.874835,17.784651,774.84228,0
5.2666667,53.171243,17.784492,0,700.1149
5.2833333,53.467639,17.783723,0,779.3219
5.3,53.764011,17.782348,0,858.09022
5.3166667,54.060351,17.780369,0,936.41956
5.3333333,54.356647,17.777791,0,1014.3097
5.35,54.652891,17.774616,0,1091.7602
5.3666667,54.949072,17.770848,0,1168.7711
5.3833333,55.24518,17.76649,0,1245.3419
5.4,55.541206,17.761547,0,1321.4726
5.4166667,55.837139,17.75602,0,1397.1628
5.4333333,56.132971,17.749914,0,1472.4125
5.45,56.428692,17.743232,0,1547.2215
5.4666667,56.724291,17.735977,0,1621.5895
5.4833333,57.019761,17.728153,0,1695.5166
5.5,57.31509,17.719764,0,1769.0025
5.5166667,57.61027,17.710811,0,1842.0472
5.5333333,57.905292,17.7013,0,1914.6506
5.55,58.200146,17.691233,0,1986.8126
5.5666667,58.494823,17.680614,0,2058.5332
5.5833333,58.789313,17.669445,0,2129.8123
5.6,59.083609,17.657732,0,2200.6499
5.6166667,59.3777,17.645476,0,2271.046
5.6333333,59.671578,17.632682,0,2341.0006
5.65,59.965234,17.619352,0,2410.5137
5.6666667,60.258659,17.60549,0,2479.5854
5.6833333,60.551844,17.5911,0,2548.2158
5.7,60.84478,17.576185,0,2616.4048
5.7166667,61.13746,17.560748,0,2684.1526
5.7333333,61.429873,17.544793,0,2751.4593
5.75,61.722011,17.528323,0,2818.3249
5.7666667,62.013867,17.511342,0,2884.7497
5.7833333,62.305431,17.493852,0,2950.7337
5.8,62.596696,17.475858,0,3016.2772
5.8166667,62.887652,17.457363,0,3081.3802
5.8333333,63.178291,17.438369,0,3146.0429
5.85,63.468606,17.418881,0,3210.2657
5.8666667,63.758588,17.398902,0,3274.0486
5.8833333,64.048228,17.378435,0,3337.3919
5.9,64.33752,17.357484,0,3400.2958
5.9166667,64.626454,17.336051,0,3462.7607
5.9333333,64.915023,17.314141,0,3524.7867
5.95,65.203219,17.291757,0,3586.3741
5.9666667,65.491034,17.268902,0,3647.5233
5.9833333,65.77846,17.24558,0,3708.2345
6,66.06549,17.221793,0,3768.5081
6.0166667,66.352116,17.197546,0,3828.3444
6.0333333,66.63833,17.172841,0,3887.7438
6.05,66.924124,17.147682,0,3946.7065
6.0666667,67.209492,17.122072,0,4005.2331
6.0833333,67.494426,17.096016,0,4063.3238
6.1,67.778918,17.069515,0,4120.9791
6.1166667,68.062961,17.042573,0,4178.1994
6.1333333,68.346547,17.015195,0,4234.985
6.15,68.62967,16.987382,0,4291.3366
6.1666667,68.912323,16.959139,0,4347.2544
6.1833333,69.194497,16.930468,0,4402.739
6.2,69.476187,16.901374,0,4457.7908
6.2166667,69.757384,16.871859,0,4512.4104
6.2333333,70.038083,16.841927,0,4566.5982
6.25,70.318276,16.811581,0,4620.3547
6.2666667,70.597957,16.780824,0,4673.6804
6.2833333,70.877118,16.74966,0,4726.576
6.3,71.155752,16.718092,0,4779.0419
6.3166667,71.433854,16.686123,0,4831.0787
6.3333333,71.711417,16.653757,0,4882.687
6.35,71.988434,16.620997,0,4933.8673
6.3666667,72.264898,16.587846,0,4984.6203
6.3833333,72.540803,16.554307,0,5034.9465
6.4,72.816143,16.520384,0,5084.8466
6.4166667,73.090911,16.48608,0,5134.3212
6.4333333,73.365101,16.451399,0,5183.3709
6.45,73.638706,16.416343,0,5231.9964
6.4666667,73.911722,16.380915,0,5280.1984
6.4833333,74.18414,16.34512,0,5327.9775
6.5,74.455956,16.308961,0,5375.3343
6.5166667,74.727164,16.27244,0,5422.2697
6.5333333,74.997756,16.23556,0,5468.7843
6.55,75.267728,16.198326,0,5514.8788
6.5666667,75.537074,16.16074,0,5560.5539
6.5833333,75.805787,16.122805,0,5605.8104
6.6,76.073863,16.084526,0,5650.649
6.6166667,76.341295,16.045904,0,5695.0705
6.6333333,76.608077,16.006943,0,5739.0757
6.65,76.874204,15.967647,0,5782.6653
6.6666667,77.139671,15.928018,0,5825.84
6.6833333,77.404472,15.88806,0,5868.6008
6.7,77.668602,15.847776,0,5910.9484
6.7166667,77.932055,15.807169,0,5952.8836
6.7333333,78.194826,15.766242,0,5994.4073
6.75,78.456909,15.724999,0,6035.5202
6.7666667,78.7183,15.683442,0,6076.2233
6.7833333,78.978992,15.641575,0,6116.5174
6.8,79.238982,15.599401,0,6156.4033
6.8166667,79.498265,15.556923,0,6195.882
6.8333333,79.756834,15.514144,0,6234.9542
6.85,80.014685,15.471067,0,6273.621
6.8666667,80.271813,15.427695,0,6311.8831
6.8833333,80.528213,15.384032,0,6349.7416
6.9,80.783882,15.340081,0,6387.1973
6.9166667,81.038812,15.295844,0,6424.2511
6.9333333,81.293001,15.251325,0,6460.904
6.95,81.546443,15.206527,0,6497.157
6.9666667,81.799134,15.161453,0,6533.0109
6.9833333,82.051069,15.116106,0,6568.4668
7,82.302244,15.070489,0,6603.5256
7.0166667,82.552654,15.024604,0,6638.1883
7.0333333,82.802295,14.978456,0,6672.4559
7.05,83.051162,14.932048,0,6706.3293
7.0666667,83.299252,14.885381,0,6739.8096
7.0833333,83.54656,14.83846,0,6772.8978
7.1,83.793081,14.791286,0,6805.5949
7.1166667,84.038812,14.743865,0,6837.902
7.1333333,84.283749,14.696197,0,6869.82
7.15,84.527887,14.648286,0,6901.35
7.1666667,84.771223,14.600136,0,6932.493
7.1833333,85.013752,14.551749,0,6963.2502
7.2,85.25547,14.503128,0,6993.6226
7.2166667,85.496375,14.454276,0,7023.6112
7.2333333,85.736462,14.405196,0,7053.2171
7.25,85.975727,14.355891,0,7082.4414
7.2666667,86.214166,14.306364,0,7111.2853
7.2833333,86.451776,14.256617,0,7139.7497
7.3,86.688554,14.206655,0,7167.8359
7.3166667,86.924495,14.156479,0,7195.5449
7.3333333,87.159597,14.106093,0,7222.8778
7.35,87.393855,14.055499,0,7249.8358
7.3666667,87.627267,14.0047,0,7276.4201
7.3833333,87.859828,13.953699,0,7302.6316
7.4,88.091537,13.9025,0,7328.4717
7.4166667,88.322388,13.851104,0,7353.9414
7.4333333,88.55238,13.799515,0,7379.042
7.45,88.781509,13.747736,0,7403.7745
7.4666667,89.009772,13.695769,0,7428.1402
7.4833333,89.237166,13.643617,0,7452.1402
7.5,89.463687,13.591283,0,7475.7757
7.5166667,89.689333,13.53877,0,7499.0479
7.5333333,89.914101,13.486081,0,7521.958
7.55,90.137988,13.433218,0,7544.5073
7.5666667,90.360991,13.380184,0,7566.6968
7.5833333,90.583108,13.326982,0,7588.5279
7.6,90.804335,13.273615,0,7610.0018
7.6166667,91.024669,13.220085,0,7631.1196
7.6333333,91.244109,13.166395,0,7651.8826
7.65,91.462652,13.112548,0,7672.2921
7.6666667,91.680294,13.058546,0,7692.3492
7.6833333,91.897034,13.004393,0,7712.0553
7.7,92.112869,12.950091,0,7731.4116
7.7166667,92.327796,12.895642,0,7750.4193
7.7333333,92.541814,12.84105,0,7769.0797
7.75,92.754919,12.786317,0,7787.3941
7.7666667,92.96711,12.731445,0,7805.3637
7.7833333,93.178384,12.676438,0,7822.9899
7.8,93.388739,12.621297,0,7840.2739
7.8166667,93.598172,12.566026,0,7857.2169
7.8333333,93.806683,12.510627,0,7873.8204
7.85,94.014268,12.455103,0,7890.0855
7.8666667,94.220926,12.399456,0,7906.0136
7.8833333,94.426654,12.343689,0,7921.606
7.9,94.63145,12.287805,0,7936.8639
7.9166667,94.835314,12.231806,0,7951.7888
7.9333333,95.038242,12.175694,0,7966.3819
7.95,95.240233,12.119473,0,7980.6446
7.9666667,95.441286,12.063144,0,7994.5781
7.9833333,95.641398,12.006711,0,8008.1839
8,95.840567,11.950175,0,8021.4631
8.0166667,96.038793,11.893539,0,8034.4173
8.0333333,96.236073,11.836807,0,8047.0476
8.05,96.432406,11.779979,0,8059.3556
8.0666667,96.62779,11.723059,0,8071.3424
8.0833333,96.822224,11.66605,0,8083.0095
8.1,97.015707,11.608953,0,8094.3582
8.1166667,97.208236,11.551771,0,8105.3899
8.1333333,97.399812,11.494506,0,8116.1059
8.15,97.590431,11.437161,0,8126.5077
8.1666667,97.780093,11.379739,0,8136.5965
8.1833333,97.968797,11.322241,0,8146.3738
8.2,98.156542,11.264671,0,8155.8409
8.2166667,98.343326,11.20703,0,8164.9992
8.2333333,98.529148,11.149321,0,8173.8501
8.25,98.714007,11.091546,0,8182.395
8.2666667,98.897902,11.033707,0,8190.6353
8.2833333,99.080832,10.975808,0,8198.5723
8.3,99.262796,10.917849,0,8206.2074
8.3166667,99.443793,10.859835,0,8213.5421
8.3333333,99.623823,10.801766,0,8220.5778
8.35,99.802884,10.743645,0,8227.3157
8.3666667,99.980975,10.685474,0,8233.7575
8.3833333,100.1581,10.627257,0,8239.9044
8.4,100.33425,10.568994,0,8245.7578
8.4166667,100.50942,10.510688,0,8251.3193
8.4333333,100.68363,10.452342,0,8256.5901
8.45,100.85686,10.393957,0,8261.5717
8.4666667,101.02912,10.335536,0,8266.2656
8.4833333,101.20041,10.277081,0,8270.6731
8.5,101.37072,10.218595,0,8274.7956
8.5166667,101.54005,10.160079,0,8278.6347
8.5333333,101.70841,10.101535,0,8282.1917
8.55,101.87579,10.042967,0,8285.468
8.5666667,102.0422,9.984375,0,8288.4651
8.5833333,102.20763,9.9257623,0,8291.1844
8.6,102.37208,9.8671308,0,8293.6273
8.6166667,102.53555,9.8084826,0,8295.7953
8.6333333,102.69805,9.7498199,0,8297.6898
8.65,102.85957,9.6911446,0,8299.3123
8.6666667,103.02011,9.6324589,0,8300.6642
8.6833333,103.17967,9.5737649,0,8301.7469
8.7,103.33826,9.5150646,0,8302.5618
8.7166667,103.49586,9.4563601,0,8303.1105
8.7333333,103.65249,9.3976534,0,8303.3943
8.75,103.80814,9.3389465,0,8303.4147
8.7666667,103.96281,9.2802415,0,8303.1732
8.7833333,104.1165,9.2215404,0,8302.6712
8.8,104.26922,9.1628451,0,8301.9101
8.8166667,104.42095,9.1041576,0,8300.8914
8.8333333,104.57171,9.04548,0,8299.6166
8.85,104.72149,8.9868142,0,8298.087
8.8666667,104.8703,8.9281621,0,8296.3043
8.8833333,105.01812,8.8695256,0,8294.2697
8.9,105.16497,8.8109068,0,8291.9847
8.9166667,105.31084,8.7523074,0,8289.4509
8.9333333,105.45574,8.6937295,0,8286.6697
8.95,105.59966,8.6351749,0,8283.6424
8.9666667,105.7426,8.5766455,0,8280.3707
8.9833333,105.88457,8.5181431,0,8276.8558
9,106.02556,8.4596697,0,8273.0994
9.0166667,106.16558,8.4012271,0,8269.1028
9.0333333,106.30463,8.342817,0,8264.8675
9.05,106.44271,8.2844414,0,8260.395
9.0666667,106.57981,8.2261021,0,8255.6867
9.0833333,106.71594,8.1678008,0,8250.744
9.1,106.8511,8.1095394,0,8245.5685
9.1166667,106.98528,8.0513196,0,8240.1616
9.1333333,107.1185,7.9931432,0,8234.5247
9.15,107.25075,7.935012,0,8228.6593
9.1666667,107.38204,7.8769277,0,8222.5669
9.1833333,107.51235,7.818892,0,8216.2489
9.2,107.6417,7.7609067,0,8209.7068
9.2166667,107.77008,7.7029735,0,8202.942
9.2333333,107.8975,7.6450941,0,8195.956
9.25,108.02395,7.5872702,0,8188.7502
9.2666667,108.14945,7.5295035,0,8181.3261
9.2833333,108.27398,7.4717956,0,8173.6852
9.3,108.39755,7.4141482,0,8165.8289
9.3166667,108.52016,7.3565629,0,8157.7586
9.3333333,108.64181,7.2990414,0,8149.4759
9.35,108.7625,7.2415853,0,8140.9821
9.3666667,108.88224,7.1841963,0,8132.2787
9.3833333,109.00102,7.1268758,0,8123.3672
9.4,109.11884,7.0696256,0,8114.249
9.4166667,109.23572,7.0124471,0,8104.9256
9.4333333,109.35164,6.9553421,0,8095.3984
9.45,109.46661,6.8983119,0,8085.6688
9.4666667,109.58063,6.8413582,0,8075.7383
9.4833333,109.69371,6.7844826,0,8065.6084
9.5,109.80584,6.7276864,0,8055.2805
9.5166667,109.91702,6.6709713,0,8044.7561
9.5333333,110.02726,6.6143387,0,8034.0365
9.55,110.13656,6.5577902,0,8023.1232
9.5666667,110.24491,6.5013272,0,8012.0177
9.5833333,110.35233,6.4449512,0,8000.7213
9.6,110.4588,6.3886636,0,7989.2356
9.6166667,110.56435,6.3324659,0,7977.562
9.6333333,110.66895,6.2763595,0,7965.7019
9.65,110.77262,6.2203459,0,7953.6567
9.6666667,110.87536,6.1644264,0,7941.4278
9.6833333,110.97717,6.1086026,0,7929.0168
9.7,111.07806,6.0528756,0,7916.425
9.7166667,111.17801,5.9972471,0,7903.6538
9.7333333,111.27704,5.9417182,0,7890.7047
9.75,111.37514,5.8862904,0,7877.5791
9.7666667,111.47233,5.830965,0,7864.2784
9.7833333,111.56859,5.7757434,0,7850.804
9.8,111.66393,5.7206269,0,7837.1574
9.8166667,111.75836,5.6656167,0,7823.3399
9.8333333,111.85187,5.6107143,0,7809.3531
9.85,111.94447,5.5559208,0,7795.1982
9.8666667,112.03616,5.5012377,0,7780.8767
9.8833333,112.12694,5.4466661,0,7766.39
9.9,112.21681,5.3922073,0,7751.7395
9.9166667,112.30577,5.3378626,0,7736.9267
9.9333333,112.39383,5.2836331,0,7721.9528
9.95,112.48099,5.2295202,0,7706.8194
9.9666667,112.56725,5.1755251,0,7691.5278
9.9833333,112.65261,5.1216489,0,7676.0793
10,112.73707,5.0678929,0,7660.4755
10.016667,112.82064,5.0142582,0,7644.7177
10.033333,112.90332,4.960746,0,7628.8072
10.05,112.98511,4.9073575,0,7612.7455
10.066667,113.06601,4.8540939,0,7596.534
10.083333,113.14603,4.8009562,0,7580.1739
10.1,113.22516,4.7479456,0,7563.6668
10.116667,113.30341,4.6950633,0,7547.0139
10.133333,113.38079,4.6423103,0,7530.2167
10.15,113.45728,4.5896877,0,7513.2765
10.166667,113.5329,4.5371967,0,7496.1947
10.183333,113.60765,4.4848383,0,7478.9727
10.2,113.68152,4.4326136,0,7461.6117
10.216667,113.75453,4.3805236,0,7444.1133
10.233333,113.82668,4.3285694,0,7426.4786
10.25,113.89796,4.2767521,0,7408.7091
10.266667,113.96837,4.2250726,0,7390.8062
10.283333,114.03793,4.173532,0,7372.7712
10.3,114.10663,4.1221312,0,7354.6054
10.316667,114.17448,4.0708714,0,7336.3101
10.333333,114.24148,4.0197534,0,7317.8868
10.35,114.30762,3.9687783,0,7299.3367
10.366667,114.37292,3.9179469,0,7280.6612
10.383333,114.43738,3.8672603,0,7261.8616
10.4,114.50099,3.8167195,0,7242.9392
10.416667,114.56376,3.7663252,0,7223.8954
10.433333,114.6257,3.7160786,0,7204.7315
10.45,114.6868,3.6659804,0,7185.4488
10.466667,114.74706,3.6160316,0,7166.0486
10.483333,114.8065,3.5662331,0,7146.5322
10.5,114.86511,3.5165858,0,7126.901
10.516667,114.9229,3.4670905,0,7107.1562
10.533333,114.97986,3.4177481,0,7087.2992
10.55,115.036,3.3685594,0,7067.3312
10.566667,115.09133,3.3195254,0,7047.2535
10.583333,115.14584,3.2706468,0,7027.0675
10.6,115.19954,3.2219245,0,7006.7744
10.616667,115.25242,3.1733592,0,6986.3755
10.633333,115.30451,3.1249519,0,6965.8721
10.65,115.35579,3.0767032,0,6945.2654
10.666667,115.40626,3.028614,0,6924.5568
10.683333,115.45594,2.980685,0,6903.7475
10.7,115.50482,2.932917,0,6882.8388
10.716667,115.55291,2.8853108,0,6861.832
10.733333,115.60021,2.837867,0,6840.7282
10.75,115.64672,2.7905866,0,6819.5288
10.766667,115.69244,2.7434701,0,6798.235
10.783333,115.73738,2.6965182,0,6776.8481
10.8,115.78155,2.6497318,0,6755.3693
10.816667,115.82493,2.6031115,0,6733.7998
10.833333,115.86754,2.5566579,0,6712.141
10.85,115.90938,2.5103718,0,6690.394
10.866667,115.95045,2.4642538,0,6668.56
10.883333,115.99076,2.4183047,0,6646.6403
10.9,116.0303,2.3725249,0,6624.6362
10.916667,116.06908,2.3269153,0,6602.5487
10.933333,116.10711,2.2814763,0,6580.3793
10.95,116.14438,2.2362087,0,6558.1289
10.966667,116.1809,2.191113,0,6535.799
10.983333,116.21667,2.1461899,0,6513.3906
11,116.25169,2.1014399,0,6490.905
11.016667,116.28597,2.0568637,0,6468.3434
11.033333,116.31951,2.0124618,0,6445.7069
11.05,116.35232,1.9682347,0,6422.9968
11.066667,116.38439,1.9241831,0,6400.2142
11.083333,116.41572,1.8803074,0,6377.3603
11.1,116.44633,1.8366083,0,6354.4364
11.116667,116.47622,1.7930863,0,6331.4435
11.133333,116.50538,1.7497418,0,6308.3828
11.15,116.53382,1.7065754,0,6285.2555
11.166667,116.56155,1.6635876,0,6262.0628
11.183333,116.58856,1.6207788,0,6238.8058
11.2,116.61487,1.5781497,0,6215.4857
11.216667,116.64046,1.5357006,0,6192.1036
11.233333,116.66535,1.493432,0,6168.6606
11.25,116.68954,1.4513444,0,6145.158
11.266667,116.71303,1.4094382,0,6121.5967
11.283333,116.73583,1.3677139,0,6097.9781
11.3,116.75793,1.3261719,0,6074.3031
11.316667,116.77934,1.2848126,0,6050.573
11.333333,116.80007,1.2436365,0,6026.7888
11.35,116.82011,1.2026439,0,6002.9516
11.366667,116.83948,1.1618353,0,5979.0626
11.383333,116.85817,1.121211,0,5955.1228
11.4,116.87618,1.0807714,0,5931.1334
11.416667,116.89352,1.040517,0,5907.0955
11.433333,116.91019,1.000448,0,5883.0101
11.45,116.9262,0.96056481,0,5858.8784
11.466667,116.94155,0.92086781,0,5834.7013
11.483333,116.95624,0.88135733,0,5810.4801
11.5,116.97027,0.84203368,0,5786.2158
11.516667,116.98366,0.80289721,0,5761.9094
11.533333,116.99639,0.76394821,0,5737.562
11.55,117.00848,0.72518701,0,5713.1747
11.566667,117.01992,0.68661389,0,5688.7485
11.583333,117.03072,0.64822916,0,5664.2845
11.6,117.04089,0.61003309,0,5639.7838
11.616667,117.05042,0.57202596,0,5615.2473
11.633333,117.05933,0.53420803,0,5590.6761
11.65,117.0676,0.49657957,0,5566.0713
11.666667,117.07526,0.45914083,0,5541.4338
11.683333,117.08229,0.42189204,0,5516.7648
11.7,117.0887,0.38483345,0,5492.0652
11.716667,117.0945,0.34796528,0,5467.336
11.733333,117.09969,0.31128776,0,5442.5783
11.75,117.10427,0.27480108,0,5417.793
11.766667,117.10824,0.23850547,0,5392.9812
11.783333,117.11162,0.20240111,0,5368.1439
11.8,117.11439,0.1664882,0,5343.282
11.816667,117.11657,0.13076691,0,5318.3965
11.833333,117.11816,0.095237418,0,5293.4885
11.85,117.11916,0.059899896,0,5268.5589
11.866667,117.11957,0.0247545,0,5243.6087
11.883333,117.1194,-0.010198626,0,5218.6388
11.9,117.11865,-0.044959326,0,5193.6502
11.916667,117.11732,-0.079527468,0,5168.644
11.933333,117.11543,-0.11390294,0,5143.6209
11.95,117.11296,-0.14808559,0,5118.582
11.966667,117.10992,-0.18207532,0,5093.5283
11.983333,117.10633,-0.21587203,0,5068.4607
12,117.10217,-0.2494756,0,5043.38
12.016667,117.09745,-0.28288595,0,5018.2873
12.033333,117.09218,-0.316103,0,4993.1835
12.05,117.08637,-0.34912666,0,4968.0694
12.066667,117.08,-0.38195686,0,4942.9461
12.083333,117.07309,-0.41459354,0,4917.8144
12.1,117.06564,-0.44703664,0,4892.6753
12.116667,117.05765,-0.47928611,0,4867.5296
12.133333,117.04913,-0.51134191,0,4842.3782
12.15,117.04008,-0.54320399,0,4817.2221
12.166667,117.03049,-0.57487234,0,4792.0621
12.183333,117.02039,-0.60634693,0,4766.8991
12.2,117.00976,-0.63762773,0,4741.734
12.216667,116.99862,-0.66871475,0,4716.5676
12.233333,116.98696,-0.69960798,0,4691.4009
12.25,116.97478,-0.73030741,0,4666.2347
12.266667,116.9621,-0.76081307,0,4641.0699
12.283333,116.94892,-0.79112498,0,4615.9073
12.3,116.93523,-0.82124314,0,4590.7478
12.316667,116.92105,-0.8511676,0,4565.5922
12.333333,116.90636,-0.88089839,0,4540.4414
12.35,116.89119,-0.91043555,0,4515.2961
12.366667,116.87553,-0.93977914,0,4490.1573
12.383333,116.85938,-0.96892921,0,4465.0258
12.4,116.84275,-0.99788581,0,4439.9024
12.416667,116.82564,-1.026649,0,4414.7878
12.433333,116.80805,-1.0552189,0,4389.683
12.45,116.78999,-1.0835956,0,4364.5887
12.466667,116.77146,-1.1117791,0,4339.5058
12.483333,116.75246,-1.1397696,0,4314.4349
12.5,116.733,-1.1675671,0,4289.377
12.516667,116.71308,-1.1951718,0,4264.3329
12.533333,116.69271,-1.2225837,0,4239.3032
12.55,116.67188,-1.249803,0,4214.2888
12.566667,116.6506,-1.2768298,0,4189.2904
12.583333,116.62887,-1.3036643,0,4164.3089
12.6,116.6067,-1.3303065,0,4139.3449
12.616667,116.58408,-1.3567566,0,4114.3994
12.633333,116.56103,-1.3830148,0,4089.4729
12.65,116.53755,-1.4090812,0,4064.5663
12.666667,116.51363,-1.434956,0,4039.6803
12.683333,116.48929,-1.4606393,0,4014.8156
12.7,116.46452,-1.4861313,0,3989.973
12.716667,116.43933,-1.5114322,0,3965.1532
12.733333,116.41372,-1.5365422,0,3940.357
12.75,116.3877,-1.5614614,0,3915.585
12.766667,116.36126,-1.58619,0,3890.8381
12.783333,116.33442,-1.6107283,0,3866.1168
12.8,116.30716,-1.6350764,0,3841.4219
12.816667,116.27951,-1.6592346,0,3816.7541
12.833333,116.25146,-1.683203,0,3792.1141
12.85,116.22301,-1.7069819,0,3767.5027
12.866667,116.19416,-1.7305716,0,3742.9204
12.883333,116.16493,-1.7539721,0,3718.3679
12.9,116.13531,-1.7771839,0,3693.8461
12.916667,116.10531,-1.800207,0,3669.3554
12.933333,116.07492,-1.8230418,0,3644.8966
12.95,116.04416,-1.8456886,0,3620.4704
12.966667,116.01303,-1.8681475,0,3596.0774
12.983333,115.98152,-1.8904188,0,3571.7183
13,115.94964,-1.9125028,0,3547.3937
13.016667,115.9174,-1.9343998,0,3523.1043
13.033333,115.8848,-1.95611,0,3498.8507
13.05,115.85184,-1.9776337,0,3474.6335
13.066667,115.81853,-1.9989712,0,3450.4534
13.083333,115.78486,-2.0201229,0,3426.311
13.1,115.75084,-2.0410889,0,3402.207
13.116667,115.71647,-2.0618696,0,3378.1418
13.133333,115.68177,-2.0824653,0,3354.1163
13.15,115.64672,-2.1028764,0,3330.1309
13.166667,115.61133,-2.123103,0,3306.1862
13.183333,115.57561,-2.1431456,0,3282.283
13.2,115.53956,-2.1630044,0,3258.4216
13.216667,115.50319,-2.1826798,0,3234.6029
13.233333,115.46648,-2.2021722,0,3210.8272
13.25,115.42946,-2.2214818,0,3187.0953
13.266667,115.39212,-2.240609,0,3163.4077
13.283333,115.35446,-2.2595541,0,3139.7649
13.3,115.31648,-2.2783176,0,3116.1675
13.316667,115.2782,-2.2968996,0,3092.6161
13.333333,115.23961,-2.3153007,0,3069.1113
13.35,115.20072,-2.3335212,0,3045.6535
13.366667,115.16153,-2.3515614,0,3022.2434
13.383333,115.12204,-2.3694217,0,2998.8815
13.4,115.08225,-2.3871024,0,2975.5683
13.416667,115.04218,-2.4046041,0,2952.3043
13.433333,115.00181,-2.421927,0,2929.0901
13.45,114.96116,-2.4390715,0,2905.9262
13.466667,114.92023,-2.456038,0,2882.8132
13.483333,114.87901,-2.472827,0,2859.7514
13.5,114.83752,-2.4894387,0,2836.7415
13.516667,114.79576,-2.5058737,0,2813.784
13.533333,114.75372,-2.5221323,0,2790.8793
13.55,114.71142,-2.538215,0,2768.028
13.566667,114.66885,-2.5541221,0,2745.2305
13.583333,114.62602,-2.569854,0,2722.4873
13.6,114.58293,-2.5854113,0,2699.7989
13.616667,114.53958,-2.6007943,0,2677.1658
13.633333,114.49598,-2.6160034,0,2654.5885
13.65,114.45213,-2.6310391,0,2632.0674
13.666667,114.40803,-2.6459019,0,2609.6031
13.683333,114.36369,-2.6605921,0,2587.1958
13.7,114.31911,-2.6751101,0,2564.8462
13.716667,114.27428,-2.6894566,0,2542.5546
13.733333,114.22922,-2.7036318,0,2520.3215
13.75,114.18393,-2.7176363,0,2498.1474
13.766667,114.1384,-2.7314705,0,2476.0327
13.783333,114.09265,-2.7451349,0,2453.9778
13.8,114.04667,-2.7586299,0,2431.9831
13.816667,114.00047,-2.771956,0,2410.0492
13.833333,113.95405,-2.7851136,0,2388.1763
13.85,113.90742,-2.7981034,0,2366.3649
13.866667,113.86057,-2.8109256,0,2344.6154
13.883333,113.81351,-2.8235808,0,2322.9283
13.9,113.76624,-2.8360696,0,2301.3039
13.916667,113.71877,-2.8483923,0,2279.7426
13.933333,113.67109,-2.8605494,0,2258.2448
13.95,113.62322,-2.8725415,0,2236.811
13.966667,113.57515,-2.8843691,0,2215.4414
13.983333,113.52688,-2.8960326,0,2194.1365
14,113.47842,-2.9075326,0,2172.8967
14.016667,113.42977,-2.9188695,0,2151.7223
14.033333,113.38094,-2.9300438,0,2130.6137
14.05,113.33192,-2.9410562,0,2109.5712
14.066667,113.28272,-2.951907,0,2088.5953
14.083333,113.23335,-2.9625968,0,2067.6862
14.1,113.18379,-2.9731261,0,2046.8443
14.116667,113.13407,-2.9834954,0,2026.07
14.133333,113.08417,-2.9937053,0,2005.3636
14.15,113.03411,-3.0037563,0,1984.7255
14.166667,112.98388,-3.0136489,0,1964.1559
14.183333,112.93349,-3.0233836,0,1943.6553
14.2,112.88294,-3.032961,0,1923.2238
14.216667,112.83224,-3.0423816,0,1902.862
14.233333,112.78138,-3.0516459,0,1882.57
14.25,112.73036,-3.0607546,0,1862.3482
14.266667,112.6792,-3.069708,0,1842.1969
14.283333,112.62789,-3.0785069,0,1822.1164
14.3,112.57644,-3.0871516,0,1802.1069
14.316667,112.52485,-3.0956429,0,1782.1689
14.333333,112.47311,-3.1039811,0,1762.3026
14.35,112.42125,-3.1121669,0,1742.5082
14.366667,112.36924,-3.1202009,0,1722.7862
14.383333,112.31711,-3.1280835,0,1703.1366
14.4,112.26484,-3.1358154,0,1683.5599
14.416667,112.21245,-3.1433972,0,1664.0562
14.433333,112.15994,-3.1508293,0,1644.626
14.45,112.1073,-3.1581123,0,1625.2693
14.466667,112.05455,-3.1652469,0,1605.9865
14.483333,112.00168,-3.1722335,0,1586.7779
14.5,111.9487,-3.1790729,0,1567.6437
14.516667,111.8956,-3.1857654,0,1548.5841
14.533333,111.84239,-3.1923118,0,1529.5993
14.55,111.78908,-3.1987125,0,1510.6897
14.566667,111.73567,-3.2049682,0,1491.8555
14.583333,111.68215,-3.2110795,0,1473.0969
14.6,111.62853,-3.2170469,0,1454.4141
14.616667,111.57482,-3.2228711,0,1435.8073
14.633333,111.52101,-3.2285525,0,1417.2768
14.65,111.46711,-3.2340919,0,1398.8228
14.666667,111.41311,-3.2394897,0,1380.4455
14.683333,111.35903,-3.2447466,0,1362.1451
14.7,111.30487,-3.2498632,0,1343.9218
14.716667,111.25062,-3.25484,0,1325.7758
14.733333,111.19629,-3.2596778,0,1307.7074
14.75,111.14189,-3.264377,0,1289.7166
14.766667,111.08741,-3.2689382,0,1271.8038
14.783333,111.03285,-3.2733621,0,1253.969
14.8,110.97822,-3.2776493,0,1236.2125
14.816667,110.92353,-3.2818004,0,1218.5345
14.833333,110.86876,-3.2858159,0,1200.9351
14.85,110.81393,-3.2896966,0,1183.4145
14.866667,110.75904,-3.2934429,0,1165.9729
14.883333,110.70409,-3.2970555,0,1148.6104
14.9,110.64908,-3.3005351,0,1131.3272
14.916667,110.59402,-3.3038821,0,1114.1234
14.933333,110.5389,-3.3070973,0,1096.9993
14.95,110.48373,-3.3101813,0,1079.9549
14.966667,110.42851,-3.3131346,0,1062.9904
14.983333,110.37325,-3.3159579,0,1046.106
15,110.31794,-3.3186519,0,1029.3017
15.016667,110.26258,-3.321217,0,1012.5778
15.033333,110.20719,-3.323654,0,995.93435
15.05,110.15175,-3.3259634,0,979.37148
15.066667,110.09629,-3.3281459,0,962.88932
15.083333,110.04078,-3.3302021,0,946.488
15.1,109.98525,-3.3321327,0,930.16763
15.116667,109.92968,-3.3339382,0,913.92834
15.133333,109.87409,-3.3356193,0,897.77023
15.15,109.81847,-3.3371765,0,881.6934
15.166667,109.76282,-3.3386107,0,865.69799
15.183333,109.70716,-3.3399222,0,849.78406
15.2,109.65147,-3.3411119,0,833.95173
15.216667,109.59577,-3.3421803,0,818.2011
15.233333,109.54005,-3.343128,0,802.53226
15.25,109.48432,-3.3439557,0,786.94529
15.266667,109.42857,-3.344664,0,771.44027
15.283333,109.37282,-3.3452535,0,756.0173
15.3,109.31706,-3.3457249,0,740.67645
15.316667,109.26129,-3.3460788,0,725.4178
15.333333,109.20552,-3.3463159,0,710.24142
15.35,109.14974,-3.3464367,0,695.14737
15.366667,109.09397,-3.3464419,0,680.13573
15.383333,109.0382,-3.3464419,0,665.20655
15.4,108.98242,-3.3464419,0,650.28111
15.416667,108.92665,-3.3464419,0,635.35566
15.433333,108.87087,-3.3464419,0,620.43021
15.45,108.81514,-3.3441279,788.55523,0
15.466667,108.75944,-3.3417118,801.81904,0
15.483333,108.70379,-3.3391941,814.99919,0
15.5,108.64818,-3.3365756,828.09568,0
15.516667,108.59262,-3.3338569,841.10853,0
15.533333,108.5371,-3.3310387,854.03774,0
15.55,108.48163,-3.3281215,866.88334,0
15.566667,108.42621,-3.3251061,879.64535,0
15.583333,108.37085,-3.321993,892.32377,0
15.6,108.31553,-3.318783,904.91864,0
15.616667,108.26027,-3.3154766,917.42999,0
15.633333,108.20507,-3.3120745,929.85783,0
15.65,108.14993,-3.3085773,942.20221,0
15.666667,108.09485,-3.3049858,954.46316,0
15.683333,108.03983,-3.3013004,966.64072,0
15.7,107.98487,-3.297522,978.73492,0
15.716667,107.92997,-3.293651,990.74582,0
15.733333,107.87514,-3.2896882,1002.6734,0
15.75,107.82038,-3.2856342,1014.5179,0
15.766667,107.76569,-3.2814897,1026.2791,0
15.783333,107.71107,-3.2772552,1037.9572,0
15.8,107.65652,-3.2729314,1049.5523,0
15.816667,107.60205,-3.268519,1061.0644,0
15.833333,107.54765,-3.2640186,1072.4935,0
15.85,107.49332,-3.2594308,1083.8398,0
15.866667,107.43908,-3.2547562,1095.1032,0
15.883333,107.38491,-3.2499956,1106.2839,0
15.9,107.33083,-3.2451495,1117.3819,0
15.916667,107.27682,-3.2402186,1128.3974,0
15.933333,107.2229,-3.2352035,1139.3303,0
15.95,107.16907,-3.2301049,1150.1808,0
15.966667,107.11532,-3.2249233,1160.9489,0
15.983333,107.06166,-3.2196595,1171.6347,0
16,107.00808,-3.214314,1182.2383,0
16.016667,106.9546,-3.2088874,1192.7598,0
16.033333,106.90121,-3.2033805,1203.1993,0
16.05,106.84792,-3.1977939,1213.5569,0
16.066667,106.79471,-3.1921281,1223.8326,0
16.083333,106.74161,-3.1863838,1234.0266,0
16.1,106.6886,-3.1805617,1244.139,0
16.116667,106.63569,-3.1746623,1254.1698,0
16.133333,106.58288,-3.1686863,1264.1192,0
16.15,106.53017,-3.1626343,1273.9873,0
16.166667,106.47756,-3.1565069,1283.7741,0
16.183333,106.42505,-3.1503048,1293.4799,0
16.2,106.37265,-3.1440286,1303.1046,0
16.216667,106.32036,-3.1376789,1312.6485,0
16.233333,106.26817,-3.1312563,1322.1116,0
16.25,106.21609,-3.1247615,1331.494,0
16.266667,106.16412,-3.1181951,1340.796,0
16.283333,106.11226,-3.1115576,1350.0175,0
16.3,106.06051,-3.1048498,1359.1588,0
16.316667,106.00888,-3.0980722,1368.2199,0
16.333333,105.95736,-3.0912254,1377.201,0
16.35,105.90595,-3.0843101,1386.1022,0
16.366667,105.85466,-3.0773268,1394.9236,0
16.383333,105.80349,-3.0702763,1403.6654,0
16.4,105.75244,-3.063159,1412.3277,0
16.416667,105.70151,-3.0559757,1420.9107,0
16.433333,105.6507,-3.0487268,1429.4145,0
16.45,105.60001,-3.0414131,1437.8393,0
16.466667,105.54944,-3.0340352,1446.1851,0
16.483333,105.499,-3.0265935,1454.4521,0
16.5,105.44868,-3.0190888,1462.6406,0
16.516667,105.39849,-3.0115217,1470.7505,0
16.533333,105.34842,-3.0038927,1478.7822,0
16.55,105.29848,-2.9962025,1486.7357,0
16.566667,105.24868,-2.9884516,1494.6112,0
16.583333,105.199,-2.9806407,1502.4088,0
16.6,105.14945,-2.9727704,1510.1287,0
16.616667,105.10004,-2.9648412,1517.7712,0
16.633333,105.05076,-2.9568537,1525.3362,0
16.65,105.00161,-2.9488086,1532.8241,0
16.666667,104.9526,-2.9407064,1540.235,0
16.683333,104.90372,-2.9325477,1547.569,0
16.7,104.85498,-2.9243332,1554.8262,0
16.716667,104.80638,-2.9160633,1562.007,0
16.733333,104.75792,-2.9077388,1569.1115,0
16.75,104.7096,-2.8993601,1576.1397,0
16.766667,104.66142,-2.8909279,1583.092,0
16.783333,104.61338,-2.8824428,1589.9685,0
16.8,104.56548,-2.8739053,1596.7693,0
16.816667,104.51772,-2.865316,1603.4947,0
16.833333,104.47011,-2.8566755,1610.1448,0
16.85,104.42264,-2.8479843,1616.7199,0
16.866667,104.37532,-2.8392431,1623.22,0
16.883333,104.32815,-2.8304525,1629.6455,0
16.9,104.28112,-2.8216129,1635.9964,0
16.916667,104.23424,-2.812725,1642.273,0
16.933333,104.18751,-2.8037893,1648.4755,0
16.95,104.14093,-2.7948064,1654.604,0
16.966667,104.0945,-2.7857769,1660.6588,0
16.983333,104.04823,-2.7767014,1666.64,0
17,104.0021,-2.7675804,1672.5479,0
17.016667,103.95613,-2.7584144,1678.3827,0
17.033333,103.91031,-2.7492041,1684.1445,0
17.05,103.86464,-2.7399499,1689.8336,0
17.066667,103.81913,-2.7306525,1695.4501,0
17.083333,103.77377,-2.7213124,1700.9943,0
17.1,103.72857,-2.7119302,1706.4664,0
17.116667,103.68353,-2.7025064,1711.8666,0
17.133333,103.63865,-2.6930416,1717.1951,0
17.15,103.59392,-2.6835363,1722.452,0
17.166667,103.54936,-2.673991,1727.6377,0
17.183333,103.50495,-2.6644064,1732.7523,0
17.2,103.4607,-2.6547829,1737.7961,0
17.216667,103.41662,-2.6451212,1742.7692,0
17.233333,103.37269,-2.6354216,1747.6719,0
17.25,103.32893,-2.6256849,1752.5045,0
17.266667,103.28533,-2.6159115,1757.267,0
17.283333,103.2419,-2.606102,1761.9598,0
17.3,103.19863,-2.5962568,1766.583,0
17.316667,103.15552,-2.5863766,1771.1369,0
17.333333,103.11258,-2.5764619,1775.6217,0
17.35,103.06981,-2.5665132,1780.0377,0
17.366667,103.0272,-2.5565309,1784.385,0
17.383333,102.98476,-2.5465158,1788.6639,0
17.4,102.94248,-2.5364682,1792.8746,0
17.416667,102.90037,-2.5263887,1797.0174,0
17.433333,102.85844,-2.5162778,1801.0925,0
17.45,102.81667,-2.5061361,1805.1,0
17.466667,102.77507,-2.495964,1809.0403,0
17.483333,102.73364,-2.4857621,1812.9136,0
17.5,102.69238,-2.4755309,1816.7201,0
17.516667,102.65129,-2.4652709,1820.4601,0
17.533333,102.61038,-2.4549826,1824.1337,0
17.55,102.56963,-2.4446665,1827.7413,0
17.566667,102.52906,-2.4343232,1831.283,0
17.583333,102.48866,-2.4239531,1834.7592,0
17.6,102.44843,-2.4135567,1838.17,0
17.616667,102.40838,-2.4031346,1841.5157,0
17.633333,102.3685,-2.3926872,1844.7965,0
17.65,102.3288,-2.382215,1848.0126,0
17.666667,102.28927,-2.3717186,1851.1645,0
17.683333,102.24992,-2.3611983,1854.2521,0
17.7,102.21074,-2.3506548,1857.2759,0
17.716667,102.17174,-2.3400885,1860.236,0
17.733333,102.13291,-2.3294999,1863.1328,0
17.75,102.09427,-2.3188895,1865.9664,0
17.766667,102.0558,-2.3082578,1868.7371,0
17.783333,102.0175,-2.2976052,1871.4452,0
17.8,101.97939,-2.2869322,1874.0908,0
17.816667,101.94145,-2.2762393,1876.6744,0
17.833333,101.90369,-2.265527,1879.196,0
17.85,101.86611,-2.2547958,1881.656,0
17.866667,101.82871,-2.2440461,1884.0547,0
17.883333,101.79149,-2.2332784,1886.3922,0
17.9,101.75445,-2.2224931,1888.6688,0
17.916667,101.71758,-2.2116908,1890.8848,0
17.933333,101.6809,-2.2008719,1893.0405,0
17.95,101.6444,-2.1900369,1895.1361,0
17.966667,101.60808,-2.1791862,1897.1718,0
17.983333,101.57194,-2.1683203,1899.1479,0
18,101.53599,-2.1574396,1901.0648,0
18.016667,101.50021,-2.1465446,1902.9225,0
18.033333,101.46462,-2.1356357,1904.7215,0
18.05,101.42921,-2.1247135,1906.4619,0
18.066667,101.39398,-2.1137783,1908.144,0
18.083333,101.35893,-2.1028306,1909.7682,0
18.1,101.32406,-2.0918708,1911.3345,0
18.116667,101.28938,-2.0808994,1912.8434,0
18.133333,101.25488,-2.0699169,1914.2951,0
18.15,101.22057,-2.0589236,1915.6898,0
18.166667,101.18644,-2.0479199,1917.0278,0
18.183333,101.15249,-2.0369065,1918.3094,0
18.2,101.11872,-2.0258835,1919.5348,0
18.216667,101.08514,-2.0148516,1920.7043,0
18.233333,101.05175,-2.0038111,1921.8182,0
18.25,101.01853,-1.9927625,1922.8767,0
18.266667,100.9855,-1.9817061,1923.8801,0
18.283333,100.95266,-1.9706424,1924.8287,0
18.3,100.92,-1.9595719,1925.7228,0
18.316667,100.88753,-1.9484948,1926.5625,0
18.333333,100.85524,-1.9374118,1927.3483,0
18.35,100.82313,-1.926323,1928.0802,0
18.366667,100.79121,-1.9152291,1928.7588,0
18.383333,100.75947,-1.9041303,1929.3841,0
18.4,100.72792,-1.8930272,1929.9564,0
18.416667,100.69656,-1.88192,1930.4761,0
18.433333,100.66538,-1.8708093,1930.9434,0
18.45,100.63438,-1.8596953,1931.3586,0
18.466667,100.60357,-1.8485785,1931.7219,0
18.483333,100.57295,-1.8374594,1932.0337,0
18.5,100.54251,-1.8263382,1932.2941,0
18.516667,100.51226,-1.8152154,1932.5035,0
18.533333,100.48219,-1.8040914,1932.6622,0
18.55,100.45231,-1.7929666,1932.7703,0
18.566667,100.42261,-1.7818413,1932.8283,0
18.583333,100.3931,-1.770716,1932.8363,0
18.6,100.36377,-1.759591,1932.7946,0
18.616667,100.33463,-1.7484667,1932.7036,0
18.633333,100.30567,-1.7373434,1932.5635,0
18.65,100.2769,-1.7262216,1932.3745,0
18.666667,100.24832,-1.7151017,1932.1369,0
18.683333,100.21992,-1.7039839,1931.8511,0
18.7,100.1917,-1.6928688,1931.5172,0
18.716667,100.16367,-1.6817565,1931.1356,0
18.733333,100.13583,-1.6706476,1930.7065,0
18.75,100.10817,-1.6595423,1930.2302,0
18.766667,100.0807,-1.6484411,1929.7071,0
18.783333,100.05341,-1.6373442,1929.1373,0
18.8,100.0263,-1.6262521,1928.5211,0
18.816667,99.999385,-1.6151651,1927.8588,0
18.833333,99.97265,-1.6040835,1927.1508,0
18.85,99.9461,-1.5930078,1926.3972,0
18.866667,99.919734,-1.5819382,1925.5983,0
18.883333,99.893553,-1.5708751,1924.7544,0
18.9,99.867556,-1.5598188,1923.8659,0
18.916667,99.841743,-1.5487697,1922.9329,0
18.933333,99.816115,-1.5377282,1921.9558,0
18.95,99.79067,-1.5266945,1920.9348,0
18.966667,99.765409,-1.515669,1919.8702,0
18.983333,99.740331,-1.504652,1918.7622,0
19,99.715437,-1.4936439,1917.6113,0
19.016667,99.690726,-1.482645,1916.4175,0
19.033333,99.666199,-1.4716556,1915.1813,0
19.05,99.641854,-1.4606761,1913.9028,0
19.066667,99.617692,-1.4497067,1912.5824,0
19.083333,99.593713,-1.4387478,1911.2203,0
19.1,99.569916,-1.4277997,1909.8168,0
19.116667,99.546302,-1.4168628,1908.3722,0
19.133333,99.52287,-1.4059372,1906.8868,0
19.15,99.499619,-1.3950235,1905.3608,0
19.166667,99.476551,-1.3841218,1903.7945,0
19.183333,99.453663,-1.3732324,1902.1882,0
19.2,99.430958,-1.3623558,1900.5421,0
19.216667,99.408433,-1.3514921,1898.8566,0
19.233333,99.386089,-1.3406417,1897.1319,0
19.25,99.363925,-1.3298049,1895.3683,0
19.266667,99.341942,-1.3189819,1893.566,0
19.283333,99.320139,-1.3081731,1891.7254,0
19.3,99.298516,-1.2973788,1889.8466,0
19.316667,99.277073,-1.2865993,1887.9301,0
19.333333,99.255809,-1.2758348,1885.976,0
19.35,99.234724,-1.2650856,1883.9846,0
19.366667,99.213818,-1.2543521,1881.9563,0
19.383333,99.193091,-1.2436344,1879.8912,0
19.4,99.172542,-1.232933,1877.7896,0
19.416667,99.152172,-1.222248,1875.6519,0
19.433333,99.131979,-1.2115797,1873.4783,0
19.45,99.111963,-1.2009284,1871.269,0
19.466667,99.092125,-1.1902945,1869.0244,0
19.483333,99.072464,-1.1796781,1866.7446,0
19.5,99.052979,-1.1690795,1864.4301,0
19.516667,99.033671,-1.158499,1862.081,0
19.533333,99.014538,-1.1479368,1859.6976,0
19.55,98.995582,-1.1373933,1857.2802,0
19.566667,98.976801,-1.1268686,1854.829,0
19.583333,98.958195,-1.1163631,1852.3444,0
19.6,98.939763,-1.105877,1849.8266,0
19.616667,98.921506,-1.0954105,1847.2758,0
19.633333,98.903424,-1.0849639,1844.6924,0
19.65,98.885515,-1.0745374,1842.0766,0
19.666667,98.867779,-1.0641313,1839.4287,0
19.683333,98.850217,-1.0537459,1836.7489,0
19.7,98.832827,-1.0433813,1834.0375,0
19.716667,98.81561,-1.0330379,1831.2947,0
19.733333,98.798564,-1.0227158,1828.521,0
19.75,98.781691,-1.0124154,1825.7164,0
19.766667,98.764989,-1.0021367,1822.8813,0
19.783333,98.748457,-0.99188011,1820.0159,0
19.8,98.732097,-0.98164582,1817.1205,0
19.816667,98.715906,-0.97143405,1814.1954,0
19.833333,98.699885,-0.96124504,1811.2408,0
19.85,98.684034,-0.951079,1808.257,0
19.866667,98.668352,-0.94093616,1805.2443,0
19.883333,98.652838,-0.93081674,1802.2029,0
19.9,98.637493,-0.92072096,1799.133,0
19.916667,98.622315,-0.91064903,1796.035,0
19.933333,98.607305,-0.90060117,1792.9091,0
19.95,98.592462,-0.89057761,1789.7556,0
19.966667,98.577786,-0.88057852,1786.5747,0
19.983333,98.563276,-0.87060415,1783.3666,0
20,98.548932,-0.86065468,1780.1318,0
20.016667,98.534753,-0.85073033,1776.8703,0
20.033333,98.520739,-0.84083129,1773.5824,0
20.05,98.50689,-0.83095778,1770.2685,0
20.066667,98.493204,-0.82110998,1766.9288,0
20.083333,98.479683,-0.81128809,1763.5635,0
20.1,98.466325,-0.80149232,1760.1729,0
20.116667,98.453129,-0.79172285,1756.7572,0
20.133333,98.440096,-0.78197986,1753.3167,0
20.15,98.427225,-0.77226356,1749.8517,0
20.166667,98.414516,-0.76257413,1746.3623,0
20.183333,98.401967,-0.75291176,1742.849,0
20.2,98.389579,-0.74327661,1739.3118,0
20.216667,98.377351,-0.73366889,1735.7511,0
20.233333,98.365283,-0.72408877,1732.1671,0
20.25,98.353374,-0.71453642,1728.5601,0
20.266667,98.341624,-0.70501202,1724.9303,0
20.283333,98.330032,-0.69551575,1721.278,0
20.3,98.318598,-0.68604778,1717.6033,0
20.316667,98.307321,-0.67660826,1713.9067,0
20.333333,98.296201,-0.66719738,1710.1883,0
20.35,98.285238,-0.6578153,1706.4483,0
20.366667,98.27443,-0.64846219,1702.687,0
20.383333,98.263778,-0.63913819,1698.9047,0
20.4,98.25328,-0.62984349,1695.1015,0
20.416667,98.242937,-0.62057822,1691.2779,0
20.433333,98.232748,-0.61134256,1687.4339,0
20.45,98.222713,-0.60213665,1683.5698,0
20.466667,98.21283,-0.59296065,1679.6859,0
20.483333,98.2031,-0.58381471,1675.7824,0
20.5,98.193522,-0.57469897,1671.8596,0
20.516667,98.184095,-0.56561359,1667.9177,0
20.533333,98.174819,-0.5565587,1663.9569,0
20.55,98.165693,-0.54753446,1659.9775,0
20.566667,98.156717,-0.538541,1655.9798,0
20.583333,98.147891,-0.52957847,1651.9638,0
20.6,98.139214,-0.520647,1647.93,0
20.616667,98.130685,-0.51174673,1643.8785,0
20.633333,98.122303,-0.50287778,1639.8096,0
20.65,98.114069,-0.49404031,1635.7235,0
20.666667,98.105982,-0.48523443,1631.6204,0
20.683333,98.098041,-0.47646027,1627.5005,0
20.7,98.090246,-0.46771796,1623.3642,0
20.716667,98.082596,-0.45900763,1619.2117,0
20.733333,98.07509,-0.4503294,1615.043,0
20.75,98.067729,-0.44168339,1610.8586,0
20.766667,98.060511,-0.43306972,1606.6587,0
20.783333,98.053436,-0.42448851,1602.4434,0
20.8,98.046504,-0.41593988,1598.2129,0
20.816667,98.039713,-0.40742393,1593.9676,0
20.833333,98.033064,-0.39894079,1589.7077,0
20.85,98.026556,-0.39049057,1585.4333,0
20.866667,98.020188,-0.38207336,1581.1447,0
20.883333,98.01396,-0.37368929,1576.8421,0
20.9,98.007871,-0.36533846,1572.5258,0
20.916667,98.001921,-0.35702096,1568.196,0
20.933333,97.996108,-0.34873691,1563.8529,0
20.95,97.990434,-0.3404864,1559.4966,0
20.966667,97.984896,-0.33226954,1555.1275,0
20.983333,97.979494,-0.32408642,1550.7458,0
21,97.974229,-0.31593713,1546.3517,0
21.016667,97.969098,-0.30782178,1541.9453,0
21.033333,97.964103,-0.29974044,1537.527,0
21.05,97.959241,-0.29169322,1533.0969,0
21.066667,97.954513,-0.2836802,1528.6553,0
21.083333,97.949918,-0.27570147,1524.2023,0
21.1,97.945456,-0.26775712,1519.7382,0
21.116667,97.941125,-0.25984723,1515.2632,0
21.133333,97.936925,-0.25197187,1510.7776,0
21.15,97.932856,-0.24413114,1506.2814,0
21.166667,97.928918,-0.23632511,1501.775,0
21.183333,97.925108,-0.22855385,1497.2585,0
21.2,97.921428,-0.22081745,1492.7322,0
21.216667,97.917876,-0.21311599,1488.1963,0
21.233333,97.914452,-0.20544951,1483.6509,0
21.25,97.911155,-0.19781811,1479.0963,0
21.266667,97.907985,-0.19022186,1474.5327,0
21.283333,97.90494,-0.1826608,1469.9603,0
21.3,97.902021,-0.17513504,1465.3793,0
21.316667,97.899227,-0.1676446,1460.7899,0
21.333333,97.896558,-0.16018957,1456.1924,0
21.35,97.894011,-0.15277,1451.5868,0
21.366667,97.891588,-0.14538596,1446.9735,0
21.383333,97.889288,-0.13803749,1442.3525,0
21.4,97.887109,-0.13072468,1437.7242,0
21.416667,97.885051,-0.12344755,1433.0887,0
21.433333,97.883115,-0.11620618,1428.4462,0
21.45,97.881298,-0.1090006,1423.797,0
21.466667,97.879601,-0.10183087,1419.1411,0
21.483333,97.878023,-0.094697046,1414.4789,0
21.5,97.876563,-0.087599178,1409.8104,0
21.516667,97.87522,-0.080537286,1405.136,0
21.533333,97.873995,-0.073511454,1400.4557,0
21.55,97.872886,-0.066521688,1395.7698,0
21.566667,97.871894,-0.05956806,1391.0785,0
21.583333,97.871016,-0.052650588,1386.382,0
21.6,97.870253,-0.04576932,1381.6804,0
21.616667,97.869604,-0.038924298,1376.974,0
21.633333,97.869069,-0.032115546,1372.2629,0
21.65,97.868647,-0.025343112,1367.5473,0
21.666667,97.868337,-0.01860702,1362.8274,0
21.683333,97.868138,-0.011907306,1358.1034,0
21.7,97.868051,-0.005244,1353.3755,0
21.716667,97.868074,0.00138288,1348.6438,0
21.733333,97.868207,0.007973286,1343.9086,0
21.75,97.868449,0.014527212,1339.1701,0
21.766667,97.8688,0.021044622,1334.4283,0
21.783333,97.869258,0.027525492,1329.6835,0
21.8,97.869825,0.03396981,1324.9359,0
21.816667,97.870498,0.040377546,1320.1856,0
21.833333,97.871277,0.046748688,1315.4329,0
21.85,97.872161,0.053083206,1310.6778,0
21.866667,97.873151,0.0593811,1305.9207,0
21.883333,97.874245,0.065642352,1301.1615,0
21.9,97.875443,0.071866926,1296.4007,0
21.916667,97.876744,0.078054846,1291.6382,0
21.933333,97.878147,0.08420607,1286.8742,0
21.95,97.879653,0.09032061,1282.1091,0
21.966667,97.881259,0.096398442,1277.3428,0
21.983333,97.882967,0.10243957,1272.5756,0
22,97.884774,0.10844398,1267.8077,0
22.016667,97.886681,0.11441167,1263.0392,0
22.033333,97.888687,0.12034264,1258.2703,0
22.05,97.89079,0.12623689,1253.5011,0
22.066667,97.892992,0.1320944,1248.7318,0
22.083333,97.895291,0.1379152,1243.9627,0
22.1,97.897686,0.14369927,1239.1938,0
22.116667,97.900176,0.14944663,1234.4252,0
22.133333,97.902762,0.15515727,1229.6573,0
22.15,97.905443,0.1608312,1224.8901,0
22.166667,97.908217,0.16646843,1220.1238,0
22.183333,97.911085,0.17206896,1215.3585,0
22.2,97.914046,0.17763281,1210.5944,0
22.216667,97.917098,0.18315998,1205.8317,0
22.233333,97.920243,0.1886505,1201.0705,0
22.25,97.923478,0.19410437,1196.311,0
22.266667,97.926803,0.19952159,1191.5533,0
22.283333,97.930218,0.2049022,1186.7976,0
22.3,97.933722,0.2102462,1182.0441,0
22.316667,97.937315,0.21555362,1177.2928,0
22.333333,97.940995,0.22082447,1172.5439,0
22.35,97.944763,0.22605877,1167.7977,0
22.366667,97.948617,0.23125655,1163.0542,0
22.383333,97.952557,0.23641781,1158.3135,0
22.4,97.956583,0.24154261,1153.5759,0
22.416667,97.960694,0.24663094,1148.8415,0
22.433333,97.964888,0.25168284,1144.1104,0
22.45,97.969167,0.25669834,1139.3827,0
22.466667,97.973528,0.26167746,1134.6587,0
22.483333,97.977972,0.26662024,1129.9384,0
22.5,97.982497,0.27152669,1125.222,0
22.516667,97.987104,0.27639686,1120.5097,0
22.533333,97.991791,0.28123077,1115.8015,0
22.55,97.996558,0.28602847,1111.0976,0
22.566667,98.001404,0.29078998,1106.3982,0
22.583333,98.00633,0.29551533,1101.7034,0
22.6,98.011333,0.30020456,1097.0133,0
22.616667,98.016414,0.30485773,1092.328,0
22.633333,98.021572,0.30947485,1087.6477,0
22.65,98.026806,0.31405598,1082.9726,0
22.666667,98.032116,0.31860114,1078.3027,0
22.683333,98.037501,0.32311038,1073.6382,0
22.7,98.042961,0.32758375,1068.9793,0
22.716667,98.048495,0.33202129,1064.326,0
22.733333,98.054102,0.33642304,1059.6784,0
22.75,98.059782,0.34078904,1055.0368,0
22.766667,98.065534,0.34511936,1050.4012,0
22.783333,98.071357,0.34941402,1045.7717,0
22.8,98.077252,0.35367309,1041.1486,0
22.816667,98.083217,0.3578966,1036.5318,0
22.833333,98.089251,0.36208461,1031.9216,0
22.85,98.095355,0.36623718,1027.3181,0
22.866667,98.101528,0.37035434,1022.7213,0
22.883333,98.107769,0.37443617,1018.1314,0
22.9,98.114077,0.3784827,1013.5485,0
22.916667,98.120452,0.38249401,1008.9728,0
22.933333,98.126893,0.38647013,1004.4043,0
22.95,98.1334,0.39041113,999.84319,0
22.966667,98.139972,0.39431706,995.28956,0
22.983333,98.146608,0.398188,990.74353,0
23,98.153308,0.40202397,986.20522,0
23.016667,98.160072,0.40582507,981.67475,0
23.033333,98.166899,0.40959134,977.15221,0
23.05,98.173787,0.41332285,972.63772,0
23.066667,98.180738,0.41701966,968.1314,0
23.083333,98.187749,0.42068183,963.63336,0
23.1,98.194821,0.42430943,959.14369,0
23.116667,98.201953,0.42790253,954.66252,0
23.133333,98.209144,0.43146118,950.18995,0
23.15,98.216393,0.43498546,945.72608,0
23.166667,98.223701,0.43847544,941.27103,0
23.183333,98.231067,0.44193118,936.82489,0
23.2,98.238489,0.44535275,932.38777,0
23.216667,98.245968,0.44874023,927.95977,0
23.233333,98.253503,0.45209367,923.54099,0
23.25,98.261093,0.45541316,919.13154,0
23.266667,98.268738,0.45869878,914.73151,0
23.283333,98.276438,0.46195058,910.34101,0
23.3,98.28419,0.46516865,905.96013,0
23.316667,98.291996,0.46835306,901.58897,0
23.333333,98.299855,0.4715039,897.22763,0
23.35,98.307765,0.47462121,892.87619,0
23.366667,98.315727,0.47770511,888.53478,0
23.383333,98.323739,0.48075564,884.20345,0
23.4,98.331802,0.4837729,879.88233,0
23.416667,98.339915,0.48675697,875.57149,0
23.433333,98.348077,0.48970793,871.27103,0
23.45,98.356287,0.49262585,866.98104,0
23.466667,98.364546,0.49551081,862.70161,0
23.483333,98.372852,0.49836291,858.43284,0
23.5,98.381205,0.50118221,854.17479,0
23.516667,98.389604,0.50396882,849.92757,0
23.533333,98.39805,0.5067228,845.69126,0
23.55,98.40654,0.50944424,841.46595,0
23.566667,98.415076,0.51213323,837.25171,0
23.583333,98.423656,0.51478987,833.04865,0
23.6,98.432279,0.51741422,828.85682,0
23.616667,98.440946,0.52000638,824.67633,0
23.633333,98.449656,0.52256644,820.50725,0
23.65,98.458407,0.52509448,816.34966,0
23.666667,98.4672,0.52759059,812.20364,0
23.683333,98.476035,0.53005487,808.06927,0
23.7,98.484909,0.53248741,803.94662,0
23.716667,98.493824,0.53488828,799.83578,0
23.733333,98.502778,0.5372576,795.73683,0
23.75,98.511772,0.53959545,791.64983,0
23.766667,98.520803,0.54190192,787.57486,0
23.783333,98.529873,0.5441771,783.512,0
23.8,98.53898,0.54642109,779.46131,0
23.816667,98.548124,0.54863398,775.42288,0
23.833333,98.557268,0.54863398,0,622.66323
23.85,98.566412,0.54863398,0,625.11019
23.866667,98.575556,0.54863398,0,627.55715
23.883333,98.5847,0.54863398,0,630.00411
23.9,98.593843,0.54863398,0,632.45107
23.916667,98.602987,0.54863398,0,634.89803
23.933333,98.612131,0.54863398,0,637.34499
23.95,98.621275,0.54863398,0,639.79195
23.966667,98.630419,0.54863398,0,642.23891
23.983333,98.639563,0.54863398,0,644.68587
24,98.648707,0.54863398,0,647.13282
24.016667,98.657851,0.54863398,0,649.57979
24.033333,98.666995,0.54863398,0,652.02675
24.05,98.676139,0.54863398,0,654.4737
24.066667,98.685282,0.54863398,0,656.92066
24.083333,98.694426,0.54863398,0,659.36762
24.1,98.70357,0.54863398,0,661.81458
24.116667,98.712714,0.54863398,0,664.26154
24.133333,98.721858,0.54863398,0,666.7085
24.15,98.731002,0.54863398,0,669.15546
24.166667,98.740146,0.54863398,0,671.60241
24.183333,98.74929,0.54863398,0,674.04938
24.2,98.758434,0.54863398,0,676.49634
24.216667,98.767578,0.54863398,0,678.9433
24.233333,98.776721,0.54861909,0,681.39026
24.25,98.785864,0.54858545,0,683.82652
24.266667,98.795006,0.54853315,0,686.24926
24.283333,98.804148,0.54846229,0,688.65844
24.3,98.813287,0.54837299,0,691.05407
24.316667,98.822425,0.54826535,0,693.43615
24.333333,98.83156,0.54813946,0,695.80464
24.35,98.840694,0.54799545,0,698.15956
24.366667,98.849824,0.54783341,0,700.5009
24.383333,98.858952,0.54765344,0,702.82866
24.4,98.868076,0.54745565,0,705.14281
24.416667,98.877197,0.54724015,0,707.44337
24.433333,98.886314,0.54700703,0,709.73033
24.45,98.895426,0.54675641,0,712.00368
24.466667,98.904534,0.54648839,0,714.26342
24.483333,98.913638,0.54620308,0,716.50954
24.5,98.922736,0.54590057,0,718.74206
24.516667,98.931829,0.54558098,0,720.96095
24.533333,98.940916,0.5452444,0,723.16623
24.55,98.949998,0.54489095,0,725.35788
24.566667,98.959073,0.54452073,0,727.53592
24.583333,98.968142,0.54413384,0,729.70034
24.6,98.977204,0.54373039,0,731.85113
24.616667,98.98626,0.54331048,0,733.98831
24.633333,98.995307,0.54287422,0,736.11188
24.65,99.004348,0.54242171,0,738.22182
24.666667,99.01338,0.54195306,0,740.31816
24.683333,99.022405,0.54146837,0,742.40089
24.7,99.031421,0.54096776,0,744.47001
24.716667,99.040429,0.5404513,0,746.52553
24.733333,99.049427,0.53991914,0,748.56744
24.75,99.058417,0.53937134,0,750.59577
24.766667,99.067397,0.53880804,0,752.6105
24.783333,99.076367,0.53822932,0,754.61166
24.8,99.085328,0.5376353,0,756.59923
24.816667,99.094278,0.53702609,0,758.57323
24.833333,99.103218,0.53640177,0,760.53367
24.85,99.112148,0.53576246,0,762.48055
24.866667,99.121066,0.53510827,0,764.41389
24.883333,99.129974,0.5344393,0,766.33367
24.9,99.138869,0.53375563,0,768.23994
24.916667,99.147754,0.53305741,0,770.13266
24.933333,99.156626,0.5323447,0,772.01188
24.95,99.165486,0.53161763,0,773.8776
24.966667,99.174334,0.53087631,0,775.72981
24.983333,99.18317,0.53012081,0,777.56855
25,99.191992,0.52935127,0,779.39381
25.016667,99.200802,0.52856777,0,781.20561
25.033333,99.209598,0.52777043,0,783.00395
25.05,99.218381,0.52695934,0,784.78886
25.066667,99.227149,0.52613462,0,786.56035
25.083333,99.235904,0.52529635,0,788.31842
25.1,99.244645,0.52444465,0,790.06309
25.116667,99.253371,0.52357961,0,791.79438
25.133333,99.262083,0.52270135,0,793.51229
25.15,99.27078,0.52180996,0,795.21685
25.166667,99.279462,0.52090556,0,796.90806
25.183333,99.288128,0.51998822,0,798.58595
25.2,99.296779,0.51905807,0,800.25052
25.216667,99.305414,0.51811522,0,801.9018
25.233333,99.314034,0.51715974,0,803.53981
25.25,99.322637,0.51619175,0,805.16455
25.266667,99.331224,0.51521135,0,806.77604
25.283333,99.339794,0.51421865,0,808.3743
25.3,99.348348,0.51321374,0,809.95936
25.316667,99.356884,0.51219673,0,811.53122
25.333333,99.365404,0.51116771,0,813.08991
25.35,99.373906,0.5101268,0,814.63545
25.366667,99.38239,0.50907409,0,816.16785
25.383333,99.390857,0.50800967,0,817.68714
25.4,99.399306,0.50693365,0,819.19332
25.416667,99.407737,0.50584614,0,820.68643
25.433333,99.416149,0.50474724,0,822.16649
25.45,99.424543,0.50363703,0,823.63352
25.466667,99.432919,0.50251563,0,825.08752
25.483333,99.441275,0.50138314,0,826.52854
25.5,99.449612,0.50023964,0,827.95659
25.516667,99.45793,0.49908525,0,829.37169
25.533333,99.466229,0.49792007,0,830.77387
25.55,99.474508,0.49674418,0,832.16315
25.566667,99.482767,0.4955577,0,833.53954
25.583333,99.491007,0.49436071,0,834.90309
25.6,99.499226,0.49315333,0,836.2538
25.616667,99.507425,0.49193564,0,837.5917
25.633333,99.515603,0.49070775,0,838.91682
25.65,99.523761,0.48946975,0,840.22918
25.666667,99.531898,0.48822175,0,841.52881
25.683333,99.540014,0.48696384,0,842.81573
25.7,99.548109,0.48569611,0,844.08997
25.716667,99.556183,0.48441868,0,845.35155
25.733333,99.564235,0.48313162,0,846.60051
25.75,99.572266,0.48183504,0,847.83685
25.766667,99.580274,0.48052904,0,849.06063
25.783333,99.588261,0.47921371,0,850.27185
25.8,99.596226,0.47788916,0,851.47055
25.816667,99.604169,0.47655546,0,852.65676
25.833333,99.612089,0.47521273,0,853.83049
25.85,99.619987,0.47386106,0,854.99179
25.866667,99.627862,0.47250054,0,856.14069
25.883333,99.635714,0.47113127,0,857.2772
25.9,99.643543,0.46975334,0,858.40135
25.916667,99.651349,0.46836685,0,859.51319
25.933333,99.659132,0.46697189,0,860.61273
25.95,99.666892,0.46556857,0,861.70001
25.966667,99.674628,0.46415696,0,862.77505
25.983333,99.68234,0.46273717,0,863.83789
26,99.690028,0.46130929,0,864.88856
26.016667,99.697693,0.45987341,0,865.92708
26.033333,99.705333,0.45842963,0,866.9535
26.05,99.71295,0.45697804,0,867.96784
26.066667,99.720542,0.45551873,0,868.97012
26.083333,99.728109,0.45405179,0,869.96039
26.1,99.735652,0.45257732,0,870.93868
26.116667,99.74317,0.45109541,0,871.90501
26.133333,99.750664,0.44960616,0,872.85942
26.15,99.758132,0.44810963,0,873.80196
26.166667,99.765576,0.44660596,0,874.73263
26.183333,99.772994,0.4450952,0,875.65148
26.2,99.780387,0.44357745,0,876.55855
26.216667,99.787754,0.44205281,0,877.45386
26.233333,99.795097,0.44052137,0,878.33745
26.25,99.802413,0.43898321,0,879.20936
26.266667,99.809704,0.43743844,0,880.06961
26.283333,99.816968,0.43588712,0,880.91826
26.3,99.824207,0.43432937,0,881.75531
26.316667,99.83142,0.43276525,0,882.58082
26.333333,99.838606,0.43119486,0,883.39482
26.35,99.845767,0.42961829,0,884.19733
26.366667,99.852901,0.42803564,0,884.98841
26.383333,99.860008,0.42644698,0,885.76809
26.4,99.867089,0.4248524,0,886.53639
26.416667,99.874143,0.423252,0,887.29336
26.433333,99.881171,0.42164585,0,888.03903
26.45,99.888171,0.42003405,0,888.77344
26.466667,99.895145,0.41841668,0,889.49662
26.483333,99.902091,0.41679383,0,890.20862
26.5,99.909011,0.41516558,0,890.90947
26.516667,99.915903,0.41353202,0,891.5992
26.533333,99.922768,0.41189323,0,892.27786
26.55,99.929605,0.4102493,0,892.94548
26.566667,99.936415,0.40860032,0,893.6021
26.583333,99.943198,0.40694636,0,894.24775
26.6,99.949953,0.40528752,0,894.88248
26.616667,99.95668,0.40362387,0,895.50633
26.633333,99.963379,0.4019555,0,896.11933
26.65,99.97005,0.40028249,0,896.72151
26.666667,99.976694,0.39860494,0,897.31293
26.683333,99.983309,0.39692291,0,897.89362
26.7,99.989896,0.39523649,0,898.4636
26.716667,99.996456,0.39354577,0,899.02294
26.733333,100.00299,0.39185081,0,899.57167
26.75,100.00949,0.39015172,0,900.10982
26.766667,100.01596,0.38844856,0,900.63743
26.783333,100.02241,0.38674142,0,901.15454
26.8,100.02883,0.38503037,0,901.66121
26.816667,100.03521,0.38331551,0,902.15745
26.833333,100.04157,0.38159691,0,902.64333
26.85,100.04791,0.37987464,0,903.11886
26.866667,100.05421,0.37814879,0,903.5841
26.883333,100.06048,0.37641944,0,904.03909
26.9,100.06673,0.37468666,0,904.48387
26.916667,100.07294,0.37295054,0,904.91847
26.933333,100.07913,0.37121114,0,905.34294
26.95,100.08529,0.36946856,0,905.75731
26.966667,100.09142,0.36772287,0,906.16165
26.983333,100.09752,0.36597413,0,906.55597
27,100.10359,0.36422245,0,906.94033
27.016667,100.10963,0.36246787,0,907.31476
27.033333,100.11564,0.36071048,0,907.67931
27.05,100.12162,0.35895037,0,908.03402
27.066667,100.12757,0.3571876,0,908.37892
27.083333,100.1335,0.35542225,0,908.71408
27.1,100.13939,0.35365439,0,909.03951
27.116667,100.14526,0.3518841,0,909.35528
27.133333,100.15109,0.35011145,0,909.6614
27.15,100.1569,0.34833653,0,909.95795
27.166667,100.16267,0.34655939,0,910.24495
27.183333,100.16842,0.34478011,0,910.52244
27.2,100.17414,0.34299877,0,910.79047
27.216667,100.17982,0.34121544,0,911.04909
27.233333,100.18548,0.33943019,0,911.29833
27.25,100.19111,0.33764309,0,911.53824
27.266667,100.19671,0.33585422,0,911.76886
27.283333,100.20227,0.33406364,0,911.99023
27.3,100.20781,0.33227143,0,912.2024
27.316667,100.21332,0.33047765,0,912.40542
27.333333,100.2188,0.32868238,0,912.59932
27.35,100.22425,0.32688569,0,912.78414
27.366667,100.22966,0.32508765,0,912.95993
27.383333,100.23505,0.32328831,0,913.12674
27.4,100.24041,0.32148777,0,913.2846
27.416667,100.24574,0.31968608,0,913.43358
27.433333,100.25104,0.31788331,0,913.57369
27.45,100.2563,0.31607952,0,913.705
27.466667,100.26154,0.3142748,0,913.82753
27.483333,100.26675,0.31246919,0,913.94135
27.5,100.27193,0.31066278,0,914.04649
27.516667,100.27708,0.30885563,0,914.14299
27.533333,100.28219,0.30704779,0,914.2309
27.55,100.28728,0.30523935,0,914.31027
27.566667,100.29234,0.30343036,0,914.38113
27.583333,100.29736,0.30162089,0,914.44353
27.6,100.30236,0.29981101,0,914.49753
27.616667,100.30733,0.29800076,0,914.54315
27.633333,100.31226,0.29619025,0,914.58045
27.65,100.31717,0.2943795,0,914.60947
27.666667,100.32205,0.29256859,0,914.63026
27.683333,100.32689,0.29075759,0,914.64285
27.7,100.33171,0.28894654,0,914.6473
27.716667,100.33649,0.28713554,0,914.64363
27.733333,100.34125,0.28532461,0,914.63193
27.75,100.34597,0.28351385,0,914.6122
27.766667,100.35067,0.28170329,0,914.58451
27.783333,100.35533,0.27989301,0,914.54889
27.8,100.35997,0.27808306,0,914.5054
27.816667,100.36457,0.27627352,0,914.45407
27.833333,100.36915,0.27446441,0,914.39495
27.85,100.37369,0.27265584,0,914.32809
27.866667,100.37821,0.27084783,0,914.25353
27.883333,100.38269,0.26904046,0,914.17132
27.9,100.38714,0.26723378,0,914.08149
27.916667,100.39157,0.26542784,0,913.98411
27.933333,100.39596,0.26362272,0,913.87919
27.95,100.40033,0.26181846,0,913.76682
27.966667,100.40466,0.26001512,0,913.647
27.983333,100.40896,0.25821277,0,913.51981
28,100.41324,0.25641145,0,913.38527
28.016667,100.41748,0.25461122,0,913.24344
28.033333,100.42169,0.25281214,0,913.09436
28.05,100.42588,0.25101426,0,912.93808
28.066667,100.43003,0.24921764,0,912.77463
28.083333,100.43415,0.24742234,0,912.60407
28.1,100.43825,0.2456284,0,912.42644
28.116667,100.44231,0.24383588,0,912.24179
28.133333,100.44635,0.24204484,0,912.05015
28.15,100.45035,0.24025533,0,911.85158
28.166667,100.45432,0.23846741,0,911.64612
28.183333,100.45827,0.23668111,0,911.43382
28.2,100.46218,0.2348965,0,911.21471
28.216667,100.46607,0.23311364,0,910.98885
28.233333,100.46993,0.23133256,0,910.75628
28.25,100.47375,0.22955332,0,910.51704
28.266667,100.47755,0.22777598,0,910.27118
28.283333,100.48131,0.22600058,0,910.01874
28.3,100.48505,0.22422718,0,909.75978
28.316667,100.48876,0.22245583,0,909.49432
28.333333,100.49244,0.22068656,0,909.22243
28.35,100.49609,0.21891943,0,908.94414
28.366667,100.4997,0.2171545,0,908.65949
28.383333,100.50329,0.21539182,0,908.36854
28.4,100.50686,0.21363141,0,908.07133
28.416667,100.51039,0.21187334,0,907.76789
28.433333,100.51389,0.21011767,0,907.45829
28.45,100.51736,0.20836442,0,907.14255
28.466667,100.5208,0.20661364,0,906.82073
28.483333,100.52422,0.2048654,0,906.49287
28.5,100.5276,0.20311972,0,906.15901
28.516667,100.53096,0.20137666,0,905.8192
28.533333,100.53429,0.19963626,0,905.47349
28.55,100.53759,0.19789858,0,905.12191
28.566667,100.54086,0.19616363,0,904.76452
28.583333,100.5441,0.19443149,0,904.40135
28.6,100.54731,0.19270219,0,904.03245
28.616667,100.55049,0.19097578,0,903.65786
28.633333,100.55364,0.18925229,0,903.27764
28.65,100.55677,0.18753176,0,902.89181
28.666667,100.55987,0.18581426,0,902.50043
28.683333,100.56294,0.18409982,0,902.10354
28.7,100.56598,0.18238847,0,901.70119
28.716667,100.56899,0.18068026,0,901.29342
28.733333,100.57197,0.17897523,0,900.88026
28.75,100.57492,0.17727342,0,900.46178
28.766667,100.57785,0.17557488,0,900.038
28.783333,100.58075,0.17387964,0,899.60897
28.8,100.58362,0.17218775,0,899.17474
28.816667,100.58646,0.17049923,0,898.73536
28.833333,100.58927,0.16881415,0,898.29085
28.85,100.59206,0.16713251,0,897.84127
28.866667,100.59482,0.16545439,0,897.38666
28.883333,100.59755,0.1637798,0,896.92707
28.9,100.60025,0.16210879,0,896.46253
28.916667,100.60292,0.1604414,0,895.99309
28.933333,100.60557,0.15877766,0,895.5188
28.95,100.60819,0.1571176,0,895.03969
28.966667,100.61078,0.15546127,0,894.55581
28.983333,100.61334,0.1538087,0,894.0672
29,100.61588,0.15215994,0,893.57391
29.016667,100.61839,0.15051501,0,893.07597
29.033333,100.62087,0.14887394,0,892.57344
29.05,100.62332,0.14723678,0,892.06634
29.066667,100.62575,0.14560357,0,891.55473
29.083333,100.62815,0.14397432,0,891.03864
29.1,100.63052,0.14234909,0,890.51813
29.116667,100.63287,0.14072789,0,889.99323
29.133333,100.63518,0.13911077,0,889.46398
29.15,100.63748,0.13749776,0,888.93042
29.166667,100.63974,0.13588889,0,888.39261
29.183333,100.64198,0.13428419,0,887.85057
29.2,100.64419,0.13268371,0,887.30435
29.216667,100.64637,0.13108745,0,886.75401
29.233333,100.64853,0.12949547,0,886.19956
29.25,100.65066,0.1279078,0,885.64105
29.266667,100.65277,0.12632444,0,885.07855
29.283333,100.65485,0.12474545,0,884.51206
29.3,100.6569,0.12317086,0,883.94165
29.316667,100.65893,0.12160069,0,883.36734
29.333333,100.66093,0.12003496,0,882.7892
29.35,100.6629,0.11847372,0,882.20724
29.366667,100.66485,0.11691699,0,881.62152
29.383333,100.66678,0.1153648,0,881.03207
29.4,100.66867,0.11381718,0,880.43895
29.416667,100.67054,0.11227415,0,879.84218
29.433333,100.67239,0.11073574,0,879.2418
29.45,100.67421,0.10920199,0,878.63786
29.466667,100.676,0.10767291,0,878.0304
29.483333,100.67777,0.10614854,0,877.41946
29.5,100.67952,0.1046289,0,876.80508
29.516667,100.68124,0.10311401,0,876.1873
29.533333,100.68293,0.10160391,0,875.56615
29.55,100.6846,0.10009862,0,874.94168
29.566667,100.68624,0.098598156,0,874.31393
29.583333,100.68786,0.09710256,0,873.68293
29.6,100.68945,0.095611842,0,873.04874
29.616667,100.69102,0.094126032,0,872.41138
29.633333,100.69257,0.092645154,0,871.77089
29.65,100.69408,0.091169232,0,871.12732
29.666667,100.69558,0.089698296,0,870.48071
29.683333,100.69705,0.088232352,0,869.83109
29.7,100.6985,0.086771436,0,869.17849
29.716667,100.69992,0.085315572,0,868.52297
29.733333,100.70132,0.083864772,0,867.86456
29.75,100.70269,0.082419066,0,867.20329
29.766667,100.70404,0.080978478,0,866.53921
29.783333,100.70536,0.07954302,0,865.87236
29.8,100.70667,0.078112722,0,865.20276
29.816667,100.70795,0.076687596,0,864.53047
29.833333,100.7092,0.075267672,0,863.85551
29.85,100.71043,0.073852962,0,863.17793
29.866667,100.71164,0.07244349,0,862.49777
29.883333,100.71282,0.071039274,0,861.81505
29.9,100.71398,0.069640344,0,861.12982
29.916667,100.71512,0.068246694,0,860.44213
29.933333,100.71623,0.066858372,0,859.75198
29.95,100.71733,0.065475372,0,859.05945
29.966667,100.71839,0.064097736,0,858.36455
29.983333,100.71944,0.062725452,0,857.66733
30,100.72046,0.061358568,0,856.96781
30.016667,100.72146,0.059997084,0,856.26604
30.033333,100.72244,0.058641018,0,855.56206
30.05,100.72339,0.057290394,0,854.85589
30.066667,100.72433,0.055945218,0,854.14759
30.083333,100.72524,0.05460552,0,853.43717
30.1,100.72612,0.053271306,0,852.72469
30.116667,100.72699,0.051942588,0,852.01017
30.133333,100.72783,0.050619396,0,851.29365
30.15,100.72866,0.04930173,0,850.57516
30.166667,100.72946,0.047989614,0,849.85475
30.183333,100.73023,0.046683066,0,849.13244
30.2,100.73099,0.04538208,0,848.40828
30.216667,100.73172,0.044086698,0,847.68228
30.233333,100.73244,0.042796914,0,846.95451
30.25,100.73313,0.041512752,0,846.22498
30.266667,100.7338,0.040234212,0,845.49373
30.283333,100.73445,0.038961324,0,844.7608
30.3,100.73508,0.037694088,0,844.02621
30.316667,100.73568,0.036432522,0,843.29001
30.333333,100.73627,0.035176638,0,842.55223
30.35,100.73684,0.033926448,0,841.81291
30.366667,100.73738,0.032681964,0,841.07207
30.383333,100.73791,0.031443192,0,840.32975
30.4,100.73841,0.030210144,0,839.58598
30.416667,100.73889,0.028982844,0,838.8408
30.433333,100.73935,0.027761286,0,838.09425
30.45,100.7398,0.026545494,0,837.34634
30.466667,100.74022,0.025335462,0,836.59713
30.483333,100.74062,0.024131208,0,835.84663
30.5,100.741,0.022932756,0,835.09489
30.516667,100.74137,0.021740088,0,834.34194
30.533333,100.74171,0.020553234,0,833.58779
30.55,100.74203,0.019372194,0,832.83251
30.566667,100.74233,0.018196986,0,832.0761
30.583333,100.74262,0.017027598,0,831.31861
30.6,100.74288,0.01586406,0,830.56007
30.616667,100.74313,0.014706366,0,829.8005
30.633333,100.74335,0.013554528,0,829.03995
30.65,100.74356,0.012408558,0,828.27843
30.666667,100.74375,0.011268462,0,827.51599
30.683333,100.74392,0.01013424,0,826.75266
30.7,100.74407,0.009005898,0,825.98846
30.716667,100.7442,0.007883448,0,825.22343
30.733333,100.74431,0.006766902,0,824.45759
30.75,100.74441,0.00565626,0,823.69099
30.766667,100.74448,0.004551516,0,822.92365
30.783333,100.74454,0.003452694,0,822.15559
30.8,100.74458,0.002359788,0,821.38685
30.816667,100.7446,0.00127281,0,820.61746
30.833333,100.7446,0.00019176,0,819.84745
30.85,100.74459,-0.000883356,0,819.07685
30.866667,100.74456,-0.001952532,0,818.30569
30.883333,100.74451,-0.003015774,0,817.53401
30.9,100.74444,-0.004073058,0,816.76181
30.916667,100.74435,-0.005124402,0,815.98915
30.933333,100.74425,-0.006169788,0,815.21604
30.95,100.74413,-0.007209216,0,814.44252
30.966667,100.74399,-0.008242686,0,813.66861
30.983333,100.74384,-0.009270198,0,812.89435
31,100.74367,-0.010291746,0,812.11976
31.016667,100.74348,-0.011307318,0,811.34486
31.033333,100.74327,-0.012316932,0,810.5697
31.05,100.74305,-0.013320564,0,809.79429
31.066667,100.74281,-0.014318232,0,809.01867
31.083333,100.74256,-0.015309924,0,808.24286
31.1,100.74228,-0.01629564,0,807.46689
31.116667,100.742,-0.01727538,0,806.69079
31.133333,100.74169,-0.018249144,0,805.91458
31.15,100.74137,-0.019216926,0,805.1383
31.166667,100.74104,-0.020178732,0,804.36197
31.183333,100.74068,-0.021134568,0,803.58561
31.2,100.74032,-0.02208441,0,802.80925
31.216667,100.73993,-0.023028288,0,802.03293
31.233333,100.73953,-0.023966184,0,801.25665
31.25,100.73912,-0.024898098,0,800.48046
31.266667,100.73869,-0.025824042,0,799.70439
31.283333,100.73824,-0.02674401,0,798.92844
31.3,100.73778,-0.027658008,0,798.15266
31.316667,100.7373,-0.028566024,0,797.37706
31.333333,100.73681,-0.029468076,0,796.60168
31.35,100.73631,-0.030364158,0,795.82653
31.366667,100.73579,-0.03125427,0,795.05164
31.383333,100.73525,-0.032138418,0,794.27705
31.4,100.7347,-0.033016614,0,793.50277
31.416667,100.73414,-0.033888834,0,792.72882
31.433333,100.73356,-0.034755114,0,791.95524
31.45,100.73296,-0.035615424,0,791.18204
31.466667,100.73235,-0.036469794,0,790.40926
31.483333,100.73173,-0.037318212,0,789.63691
31.5,100.7311,-0.03816069,0,788.86502
31.516667,100.73045,-0.038997228,0,788.09362
31.533333,100.72978,-0.039827826,0,787.32272
31.55,100.72911,-0.04065249,0,786.55236
31.566667,100.72841,-0.041471232,0,785.78255
31.583333,100.72771,-0.042284052,0,785.01332
31.6,100.72699,-0.043090944,0,784.24469
31.616667,100.72626,-0.043891932,0,783.47669
31.633333,100.72552,-0.044687004,0,782.70933
31.65,100.72476,-0.045476178,0,781.94265
31.666667,100.72399,-0.046259448,0,781.17665
31.683333,100.7232,-0.047036832,0,780.41138
31.7,100.72241,-0.047808324,0,779.64683
31.716667,100.7216,-0.048573936,0,778.88306
31.733333,100.72077,-0.049333668,0,778.12006
31.75,100.71994,-0.050087538,0,777.35787
31.766667,100.71909,-0.05083554,0,776.5965
31.783333,100.71823,-0.051577692,0,775.83599
31.8,100.71736,-0.052313988,0,775.07633
31.816667,100.71648,-0.053044446,0,774.31758
31.833333,100.71558,-0.053769066,0,773.55973
31.85,100.71467,-0.054487854,0,772.80281
31.866667,100.71375,-0.055200828,0,772.04685
31.883333,100.71282,-0.055907988,0,771.29186
31.9,100.71188,-0.056609334,0,770.53787
31.916667,100.71092,-0.05730489,0,769.78489
31.933333,100.70995,-0.05799465,0,769.03295
31.95,100.70898,-0.058678632,0,768.28207
31.966667,100.70799,-0.059356836,0,767.53225
31.983333,100.70699,-0.06002928,0,766.78354
32,100.70598,-0.06069597,0,766.03594
32.016667,100.70495,-0.0613569,0,765.28947
32.033333,100.70392,-0.0620121,0,764.54416
32.05,100.70287,-0.062661564,0,763.80002
32.066667,100.70182,-0.063305316,0,763.05708
32.083333,100.70075,-0.063943344,0,762.31534
32.1,100.69968,-0.064575684,0,761.57484
32.116667,100.69859,-0.065202318,0,760.83558
32.133333,100.69749,-0.065823282,0,760.09759
32.15,100.69639,-0.066438558,0,759.36089
32.166667,100.69527,-0.067048188,0,758.62549
32.183333,100.69414,-0.067652154,0,757.89141
32.2,100.693,-0.06825048,0,757.15868
32.216667,100.69186,-0.068843178,0,756.4273
32.233333,100.6907,-0.069430254,0,755.69729
32.25,100.68953,-0.070011714,0,754.96868
32.266667,100.68836,-0.070587576,0,754.24148
32.283333,100.68717,-0.071157852,0,753.51571
32.3,100.68598,-0.071722554,0,752.79138
32.316667,100.68477,-0.072281676,0,752.06852
32.333333,100.68356,-0.07283526,0,751.34713
32.35,100.68233,-0.073383294,0,750.62724
32.366667,100.6811,-0.07392579,0,749.90885
32.383333,100.67986,-0.074462772,0,749.19201
32.4,100.67861,-0.074994246,0,748.4767
32.416667,100.67735,-0.075520224,0,747.76295
32.433333,100.67608,-0.076040718,0,747.05077
32.45,100.67481,-0.076555734,0,746.34019
32.466667,100.67352,-0.077065302,0,745.63122
32.483333,100.67223,-0.077569416,0,744.92387
32.5,100.67093,-0.078068094,0,744.21816
32.516667,100.66962,-0.078561354,0,743.5141
32.533333,100.6683,-0.079049208,0,742.81171
32.55,100.66698,-0.079531662,0,742.11101
32.566667,100.66564,-0.080008734,0,741.412
32.583333,100.6643,-0.080480436,0,740.71471
32.6,100.66295,-0.08094678,0,740.01915
32.616667,100.6616,-0.08140779,0,739.32533
32.633333,100.66023,-0.081863466,0,738.63326
32.65,100.65886,-0.082313826,0,737.94296
32.666667,100.65748,-0.082758882,0,737.25445
32.683333,100.65609,-0.083198652,0,736.56774
32.7,100.6547,-0.083633154,0,735.88284
32.716667,100.6533,-0.084062382,0,735.19976
32.733333,100.65189,-0.084486378,0,734.51853
32.75,100.65048,-0.084905136,0,733.83914
32.766667,100.64905,-0.08531868,0,733.16162
32.783333,100.64763,-0.085727016,0,732.48598
32.8,100.64619,-0.086130168,0,731.81224
32.816667,100.64475,-0.086528148,0,731.14039
32.833333,100.6433,-0.086920968,0,730.47047
32.85,100.64184,-0.087308646,0,729.80247
32.866667,100.64038,-0.087691188,0,729.13641
32.883333,100.63892,-0.088068624,0,728.47231
32.9,100.63744,-0.088440954,0,727.81017
32.916667,100.63596,-0.088808208,0,727.15002
32.933333,100.63447,-0.089170392,0,726.49185
32.95,100.63298,-0.089527518,0,725.83568
32.966667,100.63148,-0.089879616,0,725.18153
32.983333,100.62998,-0.090226686,0,724.52939
33,100.62847,-0.090568746,0,723.8793
33.016667,100.62696,-0.090905826,0,723.23126
33.033333,100.62544,-0.091237926,0,722.58526
33.05,100.62391,-0.09156507,0,721.94134
33.066667,100.62238,-0.09188727,0,721.2995
33.083333,100.62084,-0.092204544,0,720.65974
33.1,100.6193,-0.092516904,0,720.02209
33.116667,100.61775,-0.09282438,0,719.38655
33.133333,100.6162,-0.093126966,0,718.75313
33.15,100.61464,-0.093424704,0,718.12184
33.166667,100.61308,-0.093717582,0,717.49269
33.183333,100.61151,-0.094005648,0,716.8657
33.2,100.60994,-0.09428889,0,716.24086
33.216667,100.60837,-0.094567344,0,715.61819
33.233333,100.60679,-0.094841016,0,714.9977
33.25,100.6052,-0.095109936,0,714.37941
33.266667,100.60361,-0.095374098,0,713.7633
33.283333,100.60202,-0.095633544,0,713.14942
33.3,100.60042,-0.095888274,0,712.53774
33.316667,100.59882,-0.096138312,0,711.92829
33.333333,100.59721,-0.096383676,0,711.32107
33.35,100.5956,-0.096624384,0,710.71609
33.366667,100.59399,-0.096860442,0,710.11337
33.383333,100.59237,-0.097091886,0,709.51291
33.4,100.59075,-0.097318716,0,708.91471
33.416667,100.58912,-0.097540962,0,708.31879
33.433333,100.58749,-0.097758636,0,707.72515
33.45,100.58586,-0.097971756,0,707.1338
33.466667,100.58422,-0.09818034,0,706.54475
33.483333,100.58258,-0.0983844,0,705.95801
33.5,100.58094,-0.098583972,0,705.37358
33.516667,100.57929,-0.098779056,0,704.79147
33.533333,100.57764,-0.09896967,0,704.21169
33.55,100.57599,-0.099155844,0,703.63425
33.566667,100.57433,-0.09933759,0,703.05915
33.583333,100.57268,-0.09951492,0,702.4864
33.6,100.57101,-0.099687864,0,701.91601
33.616667,100.56935,-0.099856428,0,701.34798
33.633333,100.56768,-0.10002064,0,700.78232
33.65,100.56601,-0.10018051,0,700.21903
33.666667,100.56434,-0.10033607,0,699.65813
33.683333,100.56267,-0.10048733,0,699.09961
33.7,100.56099,-0.10063429,0,698.54349
33.716667,100.55931,-0.100777,0,697.98978
33.733333,100.55763,-0.10091547,0,697.43846
33.75,100.55594,-0.1010497,0,696.88956
33.766667,100.55426,-0.10117973,0,696.34307
33.783333,100.55257,-0.10130557,0,695.79901
33.8,100.55088,-0.10142724,0,695.25738
33.816667,100.54919,-0.10154475,0,694.71818
33.833333,100.54749,-0.10165813,0,694.18142
33.85,100.5458,-0.1017674,0,693.64711
33.866667,100.5441,-0.10187257,0,693.11524
33.883333,100.5424,-0.10197367,0,692.58583
33.9,100.5407,-0.10207071,0,692.05887
33.916667,100.53899,-0.1021637,0,691.53437
33.933333,100.53729,-0.10225269,0,691.01235
33.95,100.53558,-0.10233766,0,690.49279
33.966667,100.53388,-0.10241867,0,689.97572
33.983333,100.53217,-0.1024957,0,689.46112
34,100.53046,-0.10256879,0,688.94901
34.016667,100.52875,-0.10263796,0,688.43938
34.033333,100.52704,-0.10270322,0,687.93225
34.05,100.52532,-0.10276459,0,687.42761
34.066667,100.52361,-0.10282211,0,686.92547
34.083333,100.5219,-0.10287576,0,686.42583
34.1,100.52018,-0.1029256,0,685.92871
34.116667,100.51846,-0.10297162,0,685.43408
34.133333,100.51675,-0.10301386,0,684.94198
34.15,100.51503,-0.10305233,0,684.45239
34.166667,100.51331,-0.10308704,0,683.96531
34.183333,100.51159,-0.10311803,0,683.48077
34.2,100.50987,-0.10314529,0,682.99873
34.216667,100.50815,-0.10316888,0,682.51924
34.233333,100.50644,-0.10318879,0,682.04227
34.25,100.50472,-0.10320504,0,681.56783
34.266667,100.50299,-0.10321766,0,681.09592
34.283333,100.50127,-0.10322666,0,680.62656
34.3,100.49955,-0.10323207,0,680.15973
34.316667,100.49783,-0.10323391,0,679.69545
34.333333,100.49611,-0.10323391,0,679.2337
34.35,100.49439,-0.10323391,0,678.77327
34.366667,100.49267,-0.10323391,0,678.31284
34.383333,100.49095,-0.10323391,0,677.8524
34.4,100.48923,-0.10323391,0,677.39197
34.416667,100.48751,-0.10323391,0,676.93154
34.433333,100.48579,-0.10323391,0,676.4711
34.45,100.48407,-0.10323391,0,676.01067
34.466667,100.48235,-0.10323391,0,675.55024
34.483333,100.48063,-0.10323391,0,675.08981
34.5,100.47891,-0.10323391,0,674.62937
34.516667,100.47719,-0.10323391,0,674.16894
34.533333,100.47547,-0.10323391,0,673.70851
34.55,100.47375,-0.10323391,0,673.24807
34.566667,100.47202,-0.10323391,0,672.78765
34.583333,100.4703,-0.10323391,0,672.32721
34.6,100.46858,-0.10323391,0,671.86677
34.616667,100.46686,-0.10323391,0,671.40634
34.633333,100.46514,-0.10323391,0,670.94591
34.65,100.46342,-0.10323391,0,670.48548
34.666667,100.4617,-0.10323391,0,670.02504
34.683333,100.45998,-0.10323391,0,669.56461
34.7,100.45826,-0.10323391,0,669.10418
34.716667,100.45654,-0.10323391,0,668.64374
34.733333,100.45482,-0.10323391,0,668.18332
34.75,100.4531,-0.10323391,0,667.72288
34.766667,100.45138,-0.10323391,0,667.26245
34.783333,100.44966,-0.10323391,0,666.80201
34.8,100.44794,-0.10323391,0,666.34158
34.816667,100.44622,-0.10323391,0,665.88115
34.833333,100.4445,-0.10323391,0,665.42071
34.85,100.44278,-0.10323391,0,664.96028
34.866667,100.44105,-0.10323391,0,664.49985
34.883333,100.43933,-0.10323391,0,664.03942
34.9,100.43761,-0.10323391,0,663.57898
34.916667,100.43589,-0.10323391,0,663.11855
34.933333,100.43417,-0.10323391,0,662.65812
34.95,100.43245,-0.10323391,0,662.19768
34.966667,100.43073,-0.10323391,0,661.73725
34.983333,100.42901,-0.10323391,0,661.27682
35,100.42729,-0.10323391,0,660.81638
35.016667,100.42557,-0.10323391,0,660.35595
35.033333,100.42385,-0.10323391,0,659.89552
35.05,100.42213,-0.10323391,0,659.43509
35.066667,100.42041,-0.10323391,0,658.97465
35.083333,100.41869,-0.10323391,0,658.51422
35.1,100.41697,-0.10323391,0,658.05379
35.116667,100.41525,-0.10323391,0,657.59335
35.133333,100.41353,-0.10323391,0,657.13292
35.15,100.4118,-0.10323391,0,656.67249
35.166667,100.41008,-0.10323391,0,656.21205
35.183333,100.40836,-0.10323391,0,655.75162
35.2,100.40664,-0.10323391,0,655.29119
35.216667,100.40492,-0.10323391,0,654.83076
35.233333,100.4032,-0.10323391,0,654.37032
35.25,100.40148,-0.10323391,0,653.90989
35.266667,100.39976,-0.10323391,0,653.44946
35.283333,100.39804,-0.10323391,0,652.98903
35.3,100.39632,-0.10323391,0,652.52859
35.316667,100.3946,-0.10323391,0,652.06816
35.333333,100.39288,-0.10323391,0,651.60772
35.35,100.39116,-0.10323391,0,651.14729
35.366667,100.38944,-0.10323391,0,650.68686
35.383333,100.38772,-0.10323391,0,650.22643
35.4,100.386,-0.10323391,0,649.76599
35.416667,100.38428,-0.10323391,0,649.30556
35.433333,100.38256,-0.10323391,0,648.84513
35.45,100.38083,-0.10323391,0,648.3847
35.466667,100.37911,-0.10323391,0,647.92426
35.483333,100.37739,-0.10323391,0,647.46383
35.5,100.37567,-0.10323391,0,647.00339
35.516667,100.37395,-0.10323391,0,646.54296
35.533333,100.37223,-0.10323391,0,646.08253
35.55,100.37051,-0.10323391,0,645.6221
35.566667,100.36879,-0.10323391,0,645.16166
35.583333,100.36707,-0.10323391,0,644.70123
35.6,100.36535,-0.10323391,0,644.2408
35.616667,100.36363,-0.10323391,0,643.78037
35.633333,100.36191,-0.10323391,0,643.31993
35.65,100.36019,-0.10323391,0,642.8595
35.666667,100.35847,-0.10323391,0,642.39906
35.683333,100.35675,-0.10323391,0,641.93863
35.7,100.35503,-0.10323391,0,641.4782
35.716667,100.35331,-0.10323391,0,641.01777
35.733333,100.35159,-0.10323391,0,640.55733
35.75,100.34986,-0.10323391,0,640.0969
35.766667,100.34814,-0.10323391,0,639.63647
35.783333,100.34642,-0.10323391,0,639.17603
35.8,100.3447,-0.10323391,0,638.7156
35.816667,100.34298,-0.10323391,0,638.25517
35.833333,100.34126,-0.10323391,0,637.79473
35.85,100.33954,-0.10323391,0,637.33431
35.866667,100.33782,-0.10323391,0,636.87387
35.883333,100.3361,-0.10323391,0,636.41344
35.9,100.33438,-0.10323391,0,635.953
35.916667,100.33266,-0.10323391,0,635.49257
35.933333,100.33094,-0.10323391,0,635.03214
35.95,100.32922,-0.10323391,0,634.5717
35.966667,100.3275,-0.10323391,0,634.11127
35.983333,100.32578,-0.10323391,0,633.65084
36,100.32406,-0.10323391,0,633.19041
36.016667,100.32234,-0.10323391,0,632.72998
36.033333,100.32061,-0.10323391,0,632.26954
36.05,100.31889,-0.10323391,0,631.80911
36.066667,100.31717,-0.10323391,0,631.34867
36.083333,100.31545,-0.10323391,0,630.88824
36.1,100.31373,-0.10323391,0,630.42781
36.116667,100.31201,-0.10323391,0,629.96737
36.133333,100.31029,-0.10323391,0,629.50694
36.15,100.30857,-0.10323391,0,629.04651
36.166667,100.30685,-0.10323391,0,628.58608
36.183333,100.30513,-0.10323391,0,628.12565
36.2,100.30341,-0.10323391,0,627.66521
36.216667,100.30169,-0.10323391,0,627.20478
36.233333,100.29997,-0.10323391,0,626.74434
36.25,100.29825,-0.10323391,0,626.28391
36.266667,100.29653,-0.10323391,0,625.82348
36.283333,100.29481,-0.10323391,0,625.36304
36.3,100.29309,-0.10323391,0,624.90261
36.316667,100.29137,-0.10323391,0,624.44218
36.333333,100.28964,-0.10323391,0,623.98175
36.35,100.28792,-0.10323391,0,623.52131
36.366667,100.2862,-0.10323391,0,623.06088
36.383333,100.28448,-0.10323391,0,622.60045
36.4,100.28276,-0.10323391,0,622.14001
36.416667,100.28104,-0.10323391,0,621.67959
36.433333,100.27932,-0.10323391,0,621.21915
36.45,100.2776,-0.10323391,0,620.75872
36.466667,100.27588,-0.10323391,0,620.29828
36.483333,100.27416,-0.10323391,0,619.83785
36.5,100.27248,-0.10102672,774.68258,0
36.516667,100.27079,-0.10102672,0,620.50191
36.533333,100.26911,-0.10102672,0,620.05133
36.55,100.26746,-0.098821242,774.45927,0
36.566667,100.26581,-0.098821248,0,620.73385
36.583333,100.26417,-0.098821248,0,620.29309
36.6,100.26252,-0.098821242,0,619.85234
36.616667,100.26091,-0.096614316,774.64841,0
36.633333,100.2593,-0.096614316,0,620.55558
36.65,100.25769,-0.096614316,0,620.12467
36.666667,100.25608,-0.096614322,0,619.69376
36.683333,100.25451,-0.094406238,774.79715,0
36.7,100.25293,-0.094406244,0,620.41751
36.716667,100.25136,-0.094406244,0,619.99644
36.733333,100.24982,-0.092200572,774.48462,0
36.75,100.24829,-0.092200572,0,620.73816
36.766667,100.24675,-0.092200578,0,620.32694
36.783333,100.24521,-0.092200572,0,619.91571
36.8,100.24371,-0.08999436,774.55551,0
36.816667,100.24221,-0.08999436,0,620.67749
36.833333,100.24071,-0.08999436,0,620.27611
36.85,100.23921,-0.08999436,0,619.87472
36.866667,100.23775,-0.087787908,774.58666,0
36.883333,100.23629,-0.087787908,0,620.65636
36.9,100.23482,-0.087787908,0,620.26481
36.916667,100.23336,-0.087787902,0,619.87327
36.933333,100.23193,-0.085581522,774.57827,0
36.95,100.23051,-0.085581516,0,620.67454
36.966667,100.22908,-0.085581516,0,620.29284
36.983333,100.22765,-0.085581516,0,619.91114
37,100.22627,-0.083375496,774.53056,0
37.016667,100.22488,-0.083375496,0,620.73182
37.033333,100.22349,-0.083375496,0,620.35996
37.05,100.2221,-0.083375496,0,619.9881
37.066667,100.22074,-0.081170142,774.44376,0
37.083333,100.21939,-0.081170148,0,620.82798
37.1,100.21804,-0.081170142,0,620.46595
37.116667,100.21669,-0.081170142,0,620.10393
37.133333,100.21533,-0.081170142,0,619.7419
37.15,100.21402,-0.07896297,774.68012,0
37.166667,100.2127,-0.07896297,0,620.60277
37.183333,100.21138,-0.078962964,0,620.25058
37.2,100.21007,-0.07896297,0,619.89841
37.216667,100.20879,-0.076757076,774.51378,0
37.233333,100.20751,-0.076757082,0,620.77804
37.25,100.20623,-0.076757076,0,620.43569
37.266667,100.20495,-0.076757076,0,620.09335
37.283333,100.20367,-0.076757076,0,619.751
37.3,100.20243,-0.074550126,774.65134,0
37.316667,100.20119,-0.074550126,0,620.65107
37.333333,100.19994,-0.07455012,0,620.31857
37.35,100.1987,-0.074550126,0,619.98608
37.366667,100.1975,-0.07234506,774.40643,0
37.383333,100.19629,-0.07234506,0,620.90447
37.4,100.19508,-0.07234506,0,620.58181
37.416667,100.19388,-0.07234506,0,620.25914
37.433333,100.19267,-0.07234506,0,619.93648
37.45,100.1915,-0.070139682,774.44619,0
37.466667,100.19033,-0.070139688,0,620.87477
37.483333,100.18917,-0.070139688,0,620.56194
37.5,100.188,-0.070139688,0,620.24911
37.516667,100.18683,-0.070139688,0,619.93628
37.533333,100.1857,-0.067934388,774.43655,0
37.55,100.18456,-0.067934388,0,620.89419
37.566667,100.18343,-0.067934394,0,620.5912
37.583333,100.1823,-0.067934388,0,620.2882
37.6,100.18117,-0.067934388,0,619.98521
37.616667,100.18003,-0.067934388,0,619.68222
37.633333,100.17894,-0.06572721,774.68078,0
37.65,100.17784,-0.065727216,0,620.66115
37.666667,100.17675,-0.06572721,0,620.36799
37.683333,100.17565,-0.06572721,0,620.07485
37.7,100.17456,-0.06572721,0,619.7817
37.716667,100.1735,-0.063520872,774.57145,0
37.733333,100.17244,-0.063520878,0,620.77972
37.75,100.17138,-0.063520872,0,620.4964
37.766667,100.17032,-0.063520878,0,620.2131
37.783333,100.16926,-0.063520872,0,619.92978
37.8,100.16824,-0.061315752,774.41352,0
37.816667,100.16722,-0.061315758,0,620.94661
37.833333,100.1662,-0.061315752,0,620.67313
37.85,100.16518,-0.061315752,0,620.39966
37.866667,100.16415,-0.061315758,0,620.12619
37.883333,100.16313,-0.061315752,0,619.85271
37.9,100.16215,-0.059110116,774.48076,0
37.916667,100.16116,-0.059110116,0,620.88958
37.933333,100.16018,-0.059110116,0,620.62594
37.95,100.15919,-0.059110116,0,620.36231
37.966667,100.15821,-0.059110116,0,620.09867
37.983333,100.15722,-0.059110116,0,619.83503
38,100.15627,-0.056904414,774.4886,0
38.016667,100.15532,-0.05690442,0,620.89162
38.033333,100.15438,-0.056904414,0,620.63782
38.05,100.15343,-0.05690442,0,620.38402
38.066667,100.15248,-0.056904414,0,620.13022
38.083333,100.15153,-0.05690442,0,619.87642
38.1,100.15062,-0.054699114,774.43738,0
38.116667,100.14971,-0.054699114,0,620.9524
38.133333,100.1488,-0.054699108,0,620.70843
38.15,100.14788,-0.054699114,0,620.46448
38.166667,100.14697,-0.054699114,0,620.22051
38.183333,100.14606,-0.054699114,0,619.97654
38.2,100.14515,-0.054699114,0,619.73258
38.216667,100.14427,-0.052492776,774.57138,0
38.233333,100.1434,-0.052492776,0,620.82897
38.25,100.14252,-0.052492776,0,620.59485
38.266667,100.14165,-0.052492776,0,620.36073
38.283333,100.14077,-0.052492776,0,620.1266
38.3,100.1399,-0.052492782,0,619.89248
38.316667,100.13906,-0.050287746,774.40165,0
38.333333,100.13822,-0.050287746,0,621.00761
38.35,100.13739,-0.050287752,0,620.78332
38.366667,100.13655,-0.050287746,0,620.55903
38.383333,100.13571,-0.050287746,0,620.33475
38.4,100.13487,-0.050287752,0,620.11046
38.416667,100.13403,-0.050287746,0,619.88617
38.433333,100.13323,-0.048082746,774.39812,0
38.45,100.13243,-0.048082746,0,621.02095
38.466667,100.13163,-0.048082746,0,620.8065
38.483333,100.13083,-0.048082746,0,620.59204
38.5,100.13003,-0.048082746,0,620.37759
38.516667,100.12922,-0.048082746,0,620.16314
38.533333,100.12842,-0.048082746,0,619.94868
38.55,100.12762,-0.048082746,0,619.73423
38.566667,100.12686,-0.045876648,774.54022,0
38.583333,100.12609,-0.045876654,0,620.88947
38.6,100.12533,-0.045876648,0,620.68485
38.616667,100.12456,-0.045876648,0,620.48024
38.633333,100.1238,-0.045876654,0,620.27562
38.65,100.12303,-0.045876648,0,620.07101
38.666667,100.12227,-0.045876648,0,619.8664
38.683333,100.12154,-0.043671648,774.39822,0
38.7,100.12081,-0.043671648,0,621.04052
38.716667,100.12009,-0.043671648,0,620.84574
38.733333,100.11936,-0.043671648,0,620.65096
38.75,100.11863,-0.043671648,0,620.45618
38.766667,100.1179,-0.043671648,0,620.2614
38.783333,100.11717,-0.043671648,0,620.06663
38.8,100.11645,-0.043671648,0,619.87185
38.816667,100.11576,-0.041466762,774.38293,0
38.833333,100.11506,-0.041466762,0,621.06556
38.85,100.11437,-0.041466762,0,620.88061
38.866667,100.11368,-0.041466762,0,620.69567
38.883333,100.11299,-0.041466762,0,620.51072
38.9,100.1123,-0.041466762,0,620.32578
38.916667,100.11161,-0.041466762,0,620.14083
38.933333,100.11092,-0.041466762,0,619.95589
38.95,100.11023,-0.041466762,0,619.77094
38.966667,100.10957,-0.03926118,774.47401,0
38.983333,100.10892,-0.039261174,0,620.98482
39,100.10826,-0.03926118,0,620.80972
39.016667,100.10761,-0.039261174,0,620.63461
39.033333,100.10695,-0.039261174,0,620.4595
39.05,100.1063,-0.03926118,0,620.28439
39.066667,100.10565,-0.039261174,0,620.10928
39.083333,100.10499,-0.039261174,0,619.93418
39.1,100.10434,-0.03926118,0,619.75907
39.116667,100.10372,-0.037055574,774.47605,0
39.133333,100.1031,-0.037055574,0,620.99264
39.15,100.10248,-0.037055574,0,620.82737
39.166667,100.10187,-0.037055574,0,620.66209
39.183333,100.10125,-0.037055574,0,620.49682
39.2,100.10063,-0.037055574,0,620.33155
39.216667,100.10001,-0.037055574,0,620.16628
39.233333,100.0994,-0.037055574,0,620.00101
39.25,100.09878,-0.037055574,0,619.83574
39.266667,100.0982,-0.03485064,774.38953,0
39.283333,100.09762,-0.03485064,0,621.0885
39.3,100.09704,-0.03485064,0,620.93307
39.316667,100.09646,-0.03485064,0,620.77763
39.333333,100.09588,-0.034850634,0,620.62219
39.35,100.09529,-0.03485064,0,620.46676
39.366667,100.09471,-0.03485064,0,620.31132
39.383333,100.09413,-0.03485064,0,620.15588
39.4,100.09355,-0.034850634,0,620.00044
39.416667,100.09297,-0.03485064,0,619.84501
39.433333,100.09239,-0.03485064,0,619.68957
39.45,100.09185,-0.03264465,774.52587,0
39.466667,100.0913,-0.032644656,0,620.96276
39.483333,100.09076,-0.032644656,0,620.81716
39.5,100.09021,-0.03264465,0,620.67156
39.516667,100.08967,-0.032644656,0,620.52597
39.533333,100.08913,-0.03264465,0,620.38036
39.55,100.08858,-0.032644656,0,620.23477
39.566667,100.08804,-0.03264465,0,620.08917
39.583333,100.08749,-0.032644656,0,619.94357
39.6,100.08695,-0.03264465,0,619.79797
39.616667,100.08644,-0.030439578,774.40762,0
39.633333,100.08593,-0.030439578,0,621.09019
39.65,100.08543,-0.030439578,0,620.95442
39.666667,100.08492,-0.030439578,0,620.81866
39.683333,100.08441,-0.030439578,0,620.6829
39.7,100.08391,-0.030439578,0,620.54713
39.716667,100.0834,-0.030439578,0,620.41137
39.733333,100.08289,-0.030439578,0,620.27561
39.75,100.08238,-0.030439578,0,620.13984
39.766667,100.08188,-0.030439578,0,620.00408
39.783333,100.08137,-0.030439578,0,619.86832
39.8,100.08086,-0.030439578,0,619.73255
39.816667,100.08039,-0.028234074,774.46321,0
39.833333,100.07992,-0.02823408,0,621.04474
39.85,100.07945,-0.028234074,0,620.91881
39.866667,100.07898,-0.028234074,0,620.79289
39.883333,100.07851,-0.028234074,0,620.66696
39.9,100.07804,-0.028234074,0,620.54104
39.916667,100.07757,-0.028234074,0,620.41511
39.933333,100.0771,-0.02823408,0,620.28918
39.95,100.07663,-0.028234074,0,620.16325
39.966667,100.07616,-0.028234074,0,620.03733
39.983333,100.07569,-0.028234074,0,619.9114
40,100.07521,-0.028234074,0,619.78548
40.016667,100.07478,-0.026029056,774.40045,0
40.033333,100.07435,-0.026029056,0,621.11699
40.05,100.07391,-0.026029056,0,621.0009
40.066667,100.07348,-0.026029056,0,620.88481
40.083333,100.07305,-0.026029056,0,620.76872
40.1,100.07261,-0.02602905,0,620.65262
40.116667,100.07218,-0.026029056,0,620.53654
40.133333,100.07174,-0.026029056,0,620.42044
40.15,100.07131,-0.026029056,0,620.30435
40.166667,100.07088,-0.026029056,0,620.18826
40.183333,100.07044,-0.026029056,0,620.07216
40.2,100.07001,-0.026029056,0,619.95607
40.216667,100.06957,-0.02602905,0,619.83998
40.233333,100.06914,-0.026029056,0,619.72389
40.25,100.06874,-0.023823636,774.4522,0
40.266667,100.06835,-0.023823642,0,621.07536
40.283333,100.06795,-0.023823636,0,620.9691
40.3,100.06755,-0.023823636,0,620.86285
40.316667,100.06716,-0.023823636,0,620.75659
40.333333,100.06676,-0.023823636,0,620.65034
40.35,100.06636,-0.023823636,0,620.54408
40.366667,100.06596,-0.023823636,0,620.43783
40.383333,100.06557,-0.023823642,0,620.33157
40.4,100.06517,-0.023823636,0,620.22531
40.416667,100.06477,-0.023823636,0,620.11906
40.433333,100.06438,-0.023823636,0,620.0128
40.45,100.06398,-0.023823636,0,619.90655
40.466667,100.06358,-0.023823636,0,619.80029
40.483333,100.06319,-0.023823636,0,619.69404
40.5,100.06282,-0.021618066,774.47222,0
40.516667,100.06246,-0.021618066,0,621.06529
40.533333,100.0621,-0.021618066,0,620.96887
40.55,100.06174,-0.02161806,0,620.87245
40.566667,100.06138,-0.021618066,0,620.77604
40.583333,100.06102,-0.021618066,0,620.67962
40.6,100.06066,-0.021618066,0,620.5832
40.616667,100.0603,-0.02161806,0,620.48678
40.633333,100.05994,-0.021618066,0,620.39037
40.65,100.05958,-0.021618066,0,620.29394
40.666667,100.05922,-0.021618066,0,620.19752
40.683333,100.05886,-0.02161806,0,620.10111
40.7,100.0585,-0.021618066,0,620.00469
40.716667,100.05814,-0.021618066,0,619.90827
40.733333,100.05778,-0.02161806,0,619.81185
40.75,100.05742,-0.021618066,0,619.71544
40.766667,100.0571,-0.019412736,774.44099,0
40.783333,100.05677,-0.01941273,0,621.10619
40.8,100.05645,-0.01941273,0,621.01961
40.816667,100.05613,-0.019412736,0,620.93303
40.833333,100.0558,-0.01941273,0,620.84644
40.85,100.05548,-0.019412736,0,620.75986
40.866667,100.05516,-0.01941273,0,620.67327
40.883333,100.05483,-0.019412736,0,620.58669
40.9,100.05451,-0.01941273,0,620.50011
40.916667,100.05418,-0.01941273,0,620.41353
40.933333,100.05386,-0.019412736,0,620.32695
40.95,100.05354,-0.01941273,0,620.24036
40.966667,100.05321,-0.019412736,0,620.15378
40.983333,100.05289,-0.01941273,0,620.06719
41,100.05257,-0.01941273,0,619.98062
41.016667,100.05224,-0.019412736,0,619.89403
41.033333,100.05192,-0.01941273,0,619.80745
41.05,100.0516,-0.019412736,0,619.72087
41.066667,100.05131,-0.017207514,774.42572,0
41.083333,100.05102,-0.01720752,0,621.13121
41.1,100.05074,-0.01720752,0,621.05446
41.116667,100.05045,-0.017207514,0,620.97772
41.133333,100.05016,-0.01720752,0,620.90097
41.15,100.04988,-0.01720752,0,620.82422
41.166667,100.04959,-0.017207514,0,620.74747
41.183333,100.0493,-0.01720752,0,620.67073
41.2,100.04902,-0.01720752,0,620.59398
41.216667,100.04873,-0.017207514,0,620.51723
41.233333,100.04844,-0.01720752,0,620.44049
41.25,100.04815,-0.01720752,0,620.36374
41.266667,100.04787,-0.01720752,0,620.28699
41.283333,100.04758,-0.017207514,0,620.21024
41.3,100.04729,-0.01720752,0,620.1335
41.316667,100.04701,-0.01720752,0,620.05675
41.333333,100.04672,-0.017207514,0,619.98
41.35,100.04643,-0.01720752,0,619.90326
41.366667,100.04615,-0.01720752,0,619.82651
41.383333,100.04586,-0.017207514,0,619.74976
41.4,100.04561,-0.015002604,774.38698,0
41.416667,100.04536,-0.015002604,0,621.17956
41.433333,100.04511,-0.015002598,0,621.11265
41.45,100.04486,-0.015002604,0,621.04574
41.466667,100.04461,-0.015002604,0,620.97882
41.483333,100.04436,-0.015002598,0,620.91191
41.5,100.04411,-0.015002604,0,620.845
41.516667,100.04386,-0.015002604,0,620.77808
41.533333,100.04361,-0.015002598,0,620.71117
41.55,100.04336,-0.015002604,0,620.64426
41.566667,100.04311,-0.015002604,0,620.57735
41.583333,100.04286,-0.015002598,0,620.51043
41.6,100.04261,-0.015002604,0,620.44352
41.616667,100.04236,-0.015002604,0,620.37661
41.633333,100.04211,-0.015002598,0,620.30969
41.65,100.04186,-0.015002604,0,620.24278
41.666667,100.04161,-0.015002604,0,620.17587
41.683333,100.04136,-0.015002598,0,620.10895
41.7,100.04111,-0.015002604,0,620.04205
41.716667,100.04086,-0.015002604,0,619.97513
41.733333,100.04061,-0.015002598,0,619.90822
41.75,100.04036,-0.015002604,0,619.84131
41.766667,100.04011,-0.015002604,0,619.77439
41.783333,100.03986,-0.015002598,0,619.70748
41.8,100.03965,-0.012797436,774.41943,0
41.816667,100.03943,-0.012797436,0,621.15713
41.833333,100.03922,-0.012797436,0,621.10005
41.85,100.03901,-0.012797436,0,621.04297
41.866667,100.03879,-0.012797436,0,620.98589
41.883333,100.03858,-0.012797436,0,620.92882
41.9,100.03837,-0.012797436,0,620.87174
41.916667,100.03815,-0.012797436,0,620.81466
41.933333,100.03794,-0.012797436,0,620.75758
41.95,100.03773,-0.012797436,0,620.7005
41.966667,100.03751,-0.012797436,0,620.64343
41.983333,100.0373,-0.012797436,0,620.58635
42,100.03709,-0.012797436,0,620.52927
42.016667,100.03687,-0.012797436,0,620.47219
42.033333,100.03666,-0.012797436,0,620.41512
42.05,100.03645,-0.012797436,0,620.35804
42.066667,100.03623,-0.012797442,0,620.30096
42.083333,100.03602,-0.012797436,0,620.24388
42.1,100.03581,-0.012797436,0,620.1868
42.116667,100.03559,-0.012797436,0,620.12973
42.133333,100.03538,-0.012797436,0,620.07265
42.15,100.03517,-0.012797436,0,620.01557
42.166667,100.03495,-0.012797436,0,619.95849
42.183333,100.03474,-0.012797436,0,619.90142
42.2,100.03453,-0.012797436,0,619.84434
42.216667,100.03431,-0.012797436,0,619.78726
42.233333,100.0341,-0.012797436,0,619.73018
42.25,100.03392,-0.01059252,774.3869,0
42.266667,100.03375,-0.01059252,0,621.19932
42.283333,100.03357,-0.01059252,0,621.15208
42.3,100.03339,-0.01059252,0,621.10483
42.316667,100.03322,-0.01059252,0,621.05759
42.333333,100.03304,-0.01059252,0,621.01035
42.35,100.03286,-0.01059252,0,620.9631
42.366667,100.03269,-0.01059252,0,620.91586
42.383333,100.03251,-0.01059252,0,620.86862
42.4,100.03234,-0.010592526,0,620.82137
42.416667,100.03216,-0.01059252,0,620.77412
42.433333,100.03198,-0.01059252,0,620.72689
42.45,100.03181,-0.01059252,0,620.67964
42.466667,100.03163,-0.01059252,0,620.6324
42.483333,100.03145,-0.01059252,0,620.58515
42.5,100.03128,-0.01059252,0,620.53791
42.516667,100.0311,-0.01059252,0,620.49067
42.533333,100.03092,-0.01059252,0,620.44342
42.55,100.03075,-0.010592526,0,620.39618
42.566667,100.03057,-0.01059252,0,620.34893
42.583333,100.03039,-0.01059252,0,620.30169
42.6,100.03022,-0.01059252,0,620.25445
42.616667,100.03004,-0.01059252,0,620.20721
42.633333,100.02986,-0.01059252,0,620.15996
42.65,100.02969,-0.01059252,0,620.11272
42.666667,100.02951,-0.01059252,0,620.06547
42.683333,100.02933,-0.01059252,0,620.01823
42.7,100.02916,-0.01059252,0,619.97099
42.716667,100.02898,-0.010592526,0,619.92374
42.733333,100.0288,-0.01059252,0,619.8765
42.75,100.02863,-0.01059252,0,619.82926
42.766667,100.02845,-0.01059252,0,619.78201
42.783333,100.02827,-0.01059252,0,619.73477
42.8,100.0281,-0.01059252,0,619.68753
42.816667,100.02796,-0.008387352,774.41972,0
42.833333,100.02782,-0.008387352,0,621.17651
42.85,100.02768,-0.008387352,0,621.13911
42.866667,100.02754,-0.008387352,0,621.1017
42.883333,100.0274,-0.008387352,0,621.06429
42.9,100.02726,-0.008387358,0,621.02688
42.916667,100.02712,-0.008387352,0,620.98947
42.933333,100.02698,-0.008387352,0,620.95206
42.95,100.02684,-0.008387352,0,620.91466
42.966667,100.0267,-0.008387352,0,620.87725
42.983333,100.02656,-0.008387352,0,620.83984
43,100.02642,-0.008387352,0,620.80243
43.016667,100.02628,-0.008387352,0,620.76502
43.033333,100.02614,-0.008387352,0,620.72761
43.05,100.026,-0.008387352,0,620.69021
43.066667,100.02586,-0.008387352,0,620.6528
43.083333,100.02572,-0.008387352,0,620.61539
43.1,100.02558,-0.008387352,0,620.57798
43.116667,100.02544,-0.008387352,0,620.54057
43.133333,100.0253,-0.008387358,0,620.50316
43.15,100.02516,-0.008387352,0,620.46575
43.166667,100.02502,-0.008387352,0,620.42835
43.183333,100.02488,-0.008387352,0,620.39094
43.2,100.02474,-0.008387352,0,620.35353
43.216667,100.0246,-0.008387352,0,620.31612
43.233333,100.02446,-0.008387352,0,620.27871
43.25,100.02432,-0.008387352,0,620.24131
43.266667,100.02418,-0.008387352,0,620.2039
43.283333,100.02404,-0.008387352,0,620.16649
43.3,100.0239,-0.008387352,0,620.12908
43.316667,100.02376,-0.008387352,0,620.09167
43.333333,100.02363,-0.008387352,0,620.05426
43.35,100.02349,-0.008387358,0,620.01685
43.366667,100.02335,-0.008387352,0,619.97944
43.383333,100.02321,-0.008387352,0,619.94204
43.4,100.02307,-0.008387352,0,619.90463
43.416667,100.02293,-0.008387352,0,619.86722
43.433333,100.02279,-0.008387352,0,619.82981
43.45,100.02265,-0.008387352,0,619.7924
43.466667,100.02251,-0.008387352,0,619.755
43.483333,100.02237,-0.008387352,0,619.71759
43.5,100.02223,-0.008387352,0,619.68018
43.516667,100.02212,-0.006182202,774.41723,0
43.533333,100.02202,-0.006182208,0,621.18883
43.55,100.02192,-0.006182202,0,621.16125
43.566667,100.02182,-0.006182202,0,621.13368
43.583333,100.02171,-0.006182202,0,621.10611
43.6,100.02161,-0.006182208,0,621.07853
43.616667,100.02151,-0.006182202,0,621.05096
43.633333,100.0214,-0.006182202,0,621.02339
43.65,100.0213,-0.006182202,0,620.99581
43.666667,100.0212,-0.006182208,0,620.96824
43.683333,100.02109,-0.006182202,0,620.94066
43.7,100.02099,-0.006182202,0,620.91309
43.716667,100.02089,-0.006182202,0,620.88552
43.733333,100.02078,-0.006182208,0,620.85795
43.75,100.02068,-0.006182202,0,620.83037
43.766667,100.02058,-0.006182202,0,620.8028
43.783333,100.02048,-0.006182202,0,620.77523
43.8,100.02037,-0.006182208,0,620.74765
43.816667,100.02027,-0.006182202,0,620.72008
43.833333,100.02017,-0.006182202,0,620.69251
43.85,100.02006,-0.006182202,0,620.66494
43.866667,100.01996,-0.006182208,0,620.63736
43.883333,100.01986,-0.006182202,0,620.60978
43.9,100.01975,-0.006182202,0,620.58222
43.916667,100.01965,-0.006182202,0,620.55464
43.933333,100.01955,-0.006182202,0,620.52707
43.95,100.01945,-0.006182208,0,620.4995
43.966667,100.01934,-0.006182202,0,620.47192
43.983333,100.01924,-0.006182202,0,620.44435
44,100.01914,-0.006182202,0,620.41678
44.016667,100.01903,-0.006182208,0,620.3892
44.033333,100.01893,-0.006182202,0,620.36163
44.05,100.01883,-0.006182202,0,620.33406
44.066667,100.01872,-0.006182202,0,620.30648
44.083333,100.01862,-0.006182208,0,620.27891
44.1,100.01852,-0.006182202,0,620.25133
44.116667,100.01841,-0.006182202,0,620.22376
44.133333,100.01831,-0.006182202,0,620.19619
44.15,100.01821,-0.006182208,0,620.16862
44.166667,100.01811,-0.006182202,0,620.14104
44.183333,100.018,-0.006182202,0,620.11347
44.2,100.0179,-0.006182202,0,620.0859
44.216667,100.0178,-0.006182208,0,620.05832
44.233333,100.01769,-0.006182202,0,620.03075
44.25,100.01759,-0.006182202,0,620.00318
44.266667,100.01749,-0.006182202,0,619.9756
44.283333,100.01738,-0.006182208,0,619.94803
44.3,100.01728,-0.006182202,0,619.92045
44.316667,100.01718,-0.006182202,0,619.89289
44.333333,100.01708,-0.006182202,0,619.86531
44.35,100.01697,-0.006182202,0,619.83774
44.366667,100.01687,-0.006182208,0,619.81017
44.383333,100.01677,-0.006182202,0,619.78259
44.4,100.01666,-0.006182202,0,619.75502
44.416667,100.01656,-0.006182202,0,619.72745
44.433333,100.01646,-0.006182208,0,619.69987
44.45,100.01639,-0.00397728,774.3877,0
44.466667,100.01632,-0.00397728,0,621.22803
44.483333,100.01626,-0.003977286,0,621.21029
44.5,100.01619,-0.00397728,0,621.19254
44.516667,100.01613,-0.00397728,0,621.17481
44.533333,100.01606,-0.00397728,0,621.15707
44.55,100.01599,-0.003977286,0,621.13933
44.566667,100.01593,-0.00397728,0,621.12159
44.583333,100.01586,-0.00397728,0,621.10385
44.6,100.01579,-0.003977286,0,621.08611
44.616667,100.01573,-0.00397728,0,621.06837
44.633333,100.01566,-0.00397728,0,621.05064
44.65,100.0156,-0.003977286,0,621.0329
44.666667,100.01553,-0.00397728,0,621.01515
44.683333,100.01546,-0.00397728,0,620.99742
44.7,100.0154,-0.00397728,0,620.97968
44.716667,100.01533,-0.003977286,0,620.96194
44.733333,100.01526,-0.00397728,0,620.9442
44.75,100.0152,-0.00397728,0,620.92646
44.766667,100.01513,-0.003977286,0,620.90872
44.783333,100.01507,-0.00397728,0,620.89098
44.8,100.015,-0.00397728,0,620.87324
44.816667,100.01493,-0.003977286,0,620.85551
44.833333,100.01487,-0.00397728,0,620.83776
44.85,100.0148,-0.00397728,0,620.82003
44.866667,100.01473,-0.00397728,0,620.80229
44.883333,100.01467,-0.003977286,0,620.78455
44.9,100.0146,-0.00397728,0,620.76681
44.916667,100.01453,-0.00397728,0,620.74907
44.933333,100.01447,-0.003977286,0,620.73133
44.95,100.0144,-0.00397728,0,620.71359
44.966667,100.01434,-0.00397728,0,620.69585
44.983333,100.01427,-0.003977286,0,620.67812
45,100.0142,-0.00397728,0,620.66037
45.016667,100.01414,-0.00397728,0,620.64264
45.033333,100.01407,-0.00397728,0,620.6249
45.05,100.014,-0.003977286,0,620.60716
45.066667,100.01394,-0.00397728,0,620.58942
45.083333,100.01387,-0.00397728,0,620.57168
45.1,100.01381,-0.003977286,0,620.55394
45.116667,100.01374,-0.00397728,0,620.5362
45.133333,100.01367,-0.00397728,0,620.51846
45.15,100.01361,-0.003977286,0,620.50072
45.166667,100.01354,-0.00397728,0,620.48298
45.183333,100.01347,-0.00397728,0,620.46525
45.2,100.01341,-0.00397728,0,620.44751
45.216667,100.01334,-0.003977286,0,620.42977
45.233333,100.01328,-0.00397728,0,620.41203
45.25,100.01321,-0.00397728,0,620.39429
45.266667,100.01314,-0.003977286,0,620.37655
45.283333,100.01308,-0.00397728,0,620.35881
45.3,100.01301,-0.00397728,0,620.34107
45.316667,100.01294,-0.003977286,0,620.32333
45.333333,100.01288,-0.00397728,0,620.30559
45.35,100.01281,-0.00397728,0,620.28786
45.366667,100.01274,-0.00397728,0,620.27012
45.383333,100.01268,-0.003977286,0,620.25238
45.4,100.01261,-0.00397728,0,620.23463
45.416667,100.01255,-0.00397728,0,620.2169
45.433333,100.01248,-0.003977286,0,620.19916
45.45,100.01241,-0.00397728,0,620.18142
45.466667,100.01235,-0.00397728,0,620.16368
45.483333,100.01228,-0.00397728,0,620.14594
45.5,100.01221,-0.003977286,0,620.1282
45.516667,100.01215,-0.00397728,0,620.11046
45.533333,100.01208,-0.00397728,0,620.09273
45.55,100.01202,-0.003977286,0,620.07499
45.566667,100.01195,-0.00397728,0,620.05724
45.583333,100.01188,-0.00397728,0,620.03951
45.6,100.01182,-0.003977286,0,620.02177
45.616667,100.01175,-0.00397728,0,620.00403
45.633333,100.01168,-0.00397728,0,619.98629
45.65,100.01162,-0.00397728,0,619.96855
45.666667,100.01155,-0.003977286,0,619.95081
45.683333,100.01149,-0.00397728,0,619.93307
45.7,100.01142,-0.00397728,0,619.91534
45.716667,100.01135,-0.003977286,0,619.8976
45.733333,100.01129,-0.00397728,0,619.87985
45.75,100.01122,-0.00397728,0,619.86212
45.766667,100.01115,-0.003977286,0,619.84438
45.783333,100.01109,-0.00397728,0,619.82664
45.8,100.01102,-0.00397728,0,619.8089
45.816667,100.01096,-0.00397728,0,619.79116
45.833333,100.01089,-0.003977286,0,619.77342
45.85,100.01082,-0.00397728,0,619.75568
45.866667,100.01076,-0.00397728,0,619.73795
45.883333,100.01069,-0.003977286,0,619.72021
45.9,100.01062,-0.00397728,0,619.70246
45.916667,100.01056,-0.00397728,0,619.68473
45.933333,100.01053,-0.001772322,774.39301,0
45.95,100.0105,-0.001772316,0,621.23258
45.966667,100.01047,-0.001772322,0,621.22468
45.983333,100.01044,-0.001772316,0,621.21677
46,100.01041,-0.001772322,0,621.20887
46.016667,100.01038,-0.001772322,0,621.20096
46.033333,100.01035,-0.001772316,0,621.19305
46.05,100.01032,-0.001772322,0,621.18515
46.066667,100.01029,-0.001772316,0,621.17724
46.083333,100.01026,-0.001772322,0,621.16934
46.1,100.01023,-0.001772316,0,621.16143
46.116667,100.0102,-0.001772322,0,621.15353
46.133333,100.01017,-0.001772316,0,621.14562
46.15,100.01014,-0.001772322,0,621.13772
46.166667,100.01011,-0.001772316,0,621.12981
46.183333,100.01008,-0.001772322,0,621.12191
46.2,100.01006,-0.001772322,0,621.11401
46.216667,100.01003,-0.001772316,0,621.1061
46.233333,100.01,-0.001772322,0,621.0982
46.25,100.00997,-0.001772316,0,621.09029
46.266667,100.00994,-0.001772322,0,621.08239
46.283333,100.00991,-0.001772316,0,621.07448
46.3,100.00988,-0.001772322,0,621.06658
46.316667,100.00985,-0.001772316,0,621.05867
46.333333,100.00982,-0.001772322,0,621.05077
46.35,100.00979,-0.001772316,0,621.04286
46.366667,100.00976,-0.001772322,0,621.03496
46.383333,100.00973,-0.001772322,0,621.02705
46.4,100.0097,-0.001772316,0,621.01915
46.416667,100.00967,-0.001772322,0,621.01125
46.433333,100.00964,-0.001772316,0,621.00334
46.45,100.00961,-0.001772322,0,620.99544
46.466667,100.00958,-0.001772316,0,620.98753
46.483333,100.00955,-0.001772322,0,620.97963
46.5,100.00952,-0.001772316,0,620.97172
46.516667,100.00949,-0.001772322,0,620.96382
46.533333,100.00946,-0.001772316,0,620.95591
46.55,100.00943,-0.001772322,0,620.94801
46.566667,100.00941,-0.001772322,0,620.9401
46.583333,100.00938,-0.001772316,0,620.9322
46.6,100.00935,-0.001772322,0,620.9243
46.616667,100.00932,-0.001772316,0,620.91639
46.633333,100.00929,-0.001772322,0,620.90849
46.65,100.00926,-0.001772316,0,620.90058
46.666667,100.00923,-0.001772322,0,620.89268
46.683333,100.0092,-0.001772316,0,620.88477
46.7,100.00917,-0.001772322,0,620.87687
46.716667,100.00914,-0.001772316,0,620.86896
46.733333,100.00911,-0.001772322,0,620.86106
46.75,100.00908,-0.001772322,0,620.85315
46.766667,100.00905,-0.001772316,0,620.84525
46.783333,100.00902,-0.001772322,0,620.83734
46.8,100.00899,-0.001772316,0,620.82944
46.816667,100.00896,-0.001772322,0,620.82154
46.833333,100.00893,-0.001772316,0,620.81363
46.85,100.0089,-0.001772322,0,620.80573
46.866667,100.00887,-0.001772316,0,620.79782
46.883333,100.00884,-0.001772322,0,620.78992
46.9,100.00881,-0.001772316,0,620.78201
46.916667,100.00879,-0.001772322,0,620.77411
46.933333,100.00876,-0.001772322,0,620.7662
46.95,100.00873,-0.001772316,0,620.75829
46.966667,100.0087,-0.001772322,0,620.75039
46.983333,100.00867,-0.001772316,0,620.74248
47,100.00864,-0.001772322,0,620.73458
47.016667,100.00861,-0.001772316,0,620.72667
47.033333,100.00858,-0.001772322,0,620.71877
47.05,100.00855,-0.001772316,0,620.71087
47.066667,100.00852,-0.001772322,0,620.70296
47.083333,100.00849,-0.001772316,0,620.69506
47.1,100.00846,-0.001772322,0,620.68716
47.116667,100.00843,-0.001772322,0,620.67925
47.133333,100.0084,-0.001772316,0,620.67134
47.15,100.00837,-0.001772322,0,620.66344
47.166667,100.00834,-0.001772316,0,620.65553
47.183333,100.00831,-0.001772322,0,620.64763
47.2,100.00828,-0.001772316,0,620.63972
47.216667,100.00825,-0.001772322,0,620.63182
47.233333,100.00822,-0.001772316,0,620.62391
47.25,100.00819,-0.001772322,0,620.61601
47.266667,100.00816,-0.001772322,0,620.6081
47.283333,100.00814,-0.001772316,0,620.6002
47.3,100.00811,-0.001772322,0,620.5923
47.316667,100.00808,-0.001772316,0,620.58439
47.333333,100.00805,-0.001772322,0,620.57649
47.35,100.00802,-0.001772316,0,620.56858
47.366667,100.00799,-0.001772322,0,620.56068
47.383333,100.00796,-0.001772316,0,620.55277
47.4,100.00793,-0.001772322,0,620.54487
47.416667,100.0079,-0.001772316,0,620.53696
47.433333,100.00787,-0.001772322,0,620.52906
47.45,100.00784,-0.001772322,0,620.52115
47.466667,100.00781,-0.001772316,0,620.51325
47.483333,100.00778,-0.001772322,0,620.50535
47.5,100.00775,-0.001772316,0,620.49744
47.516667,100.00772,-0.001772322,0,620.48954
47.533333,100.00769,-0.001772316,0,620.48163
47.55,100.00766,-0.001772322,0,620.47373
47.566667,100.00763,-0.001772316,0,620.46582
47.583333,100.0076,-0.001772322,0,620.45792
47.6,100.00757,-0.001772316,0,620.45001
47.616667,100.00754,-0.001772322,0,620.44211
47.633333,100.00751,-0.001772322,0,620.4342
47.65,100.00749,-0.001772316,0,620.4263
47.666667,100.00746,-0.001772322,0,620.4184
47.683333,100.00743,-0.001772316,0,620.41049
47.7,100.0074,-0.001772322,0,620.40259
47.716667,100.00737,-0.001772316,0,620.39468
47.733333,100.00734,-0.001772322,0,620.38678
47.75,100.00731,-0.001772316,0,620.37887
47.766667,100.00728,-0.001772322,0,620.37097
47.783333,100.00725,-0.001772316,0,620.36306
47.8,100.00722,-0.001772322,0,620.35516
47.816667,100.00719,-0.001772322,0,620.34725
47.833333,100.00716,-0.001772316,0,620.33934
47.85,100.00713,-0.001772322,0,620.33144
47.866667,100.0071,-0.001772316,0,620.32353
47.883333,100.00707,-0.001772322,0,620.31563
47.9,100.00704,-0.001772316,0,620.30772
47.916667,100.00701,-0.001772322,0,620.29982
47.933333,100.00698,-0.001772316,0,620.29192
47.95,100.00695,-0.001772322,0,620.28401
47.966667,100.00692,-0.001772316,0,620.27611
47.983333,100.00689,-0.001772322,0,620.26821
48,100.00687,-0.001772322,0,620.2603
48.016667,100.00684,-0.001772316,0,620.25239
48.033333,100.00681,-0.001772322,0,620.24449
48.05,100.00678,-0.001772316,0,620.23658
48.066667,100.00675,-0.001772322,0,620.22868
48.083333,100.00672,-0.001772316,0,620.22077
48.1,100.00669,-0.001772322,0,620.21287
48.116667,100.00666,-0.001772316,0,620.20496
48.133333,100.00663,-0.001772322,0,620.19706
48.15,100.0066,-0.001772316,0,620.18915
48.166667,100.00657,-0.001772322,0,620.18125
48.183333,100.00654,-0.001772322,0,620.17334
48.2,100.00651,-0.001772316,0,620.16544
48.216667,100.00648,-0.001772322,0,620.15754
48.233333,100.00645,-0.001772316,0,620.14963
48.25,100.00642,-0.001772322,0,620.14173
48.266667,100.00639,-0.001772316,0,620.13382
48.283333,100.00636,-0.001772322,0,620.12592
48.3,100.00633,-0.001772316,0,620.11801
48.316667,100.0063,-0.001772322,0,620.11011
48.333333,100.00627,-0.001772316,0,620.1022
48.35,100.00624,-0.001772322,0,620.0943
48.366667,100.00622,-0.001772322,0,620.08639
48.383333,100.00619,-0.001772316,0,620.07849
48.4,100.00616,-0.001772322,0,620.07059
48.416667,100.00613,-0.001772316,0,620.06268
48.433333,100.0061,-0.001772322,0,620.05478
48.45,100.00607,-0.001772316,0,620.04687
48.466667,100.00604,-0.001772322,0,620.03897
48.483333,100.00601,-0.001772316,0,620.03106
48.5,100.00598,-0.001772322,0,620.02316
48.516667,100.00595,-0.001772316,0,620.01525
48.533333,100.00592,-0.001772322,0,620.00735
48.55,100.00589,-0.001772322,0,619.99944
48.566667,100.00586,-0.001772316,0,619.99154
48.583333,100.00583,-0.001772322,0,619.98364
48.6,100.0058,-0.001772316,0,619.97573
48.616667,100.00577,-0.001772322,0,619.96783
48.633333,100.00574,-0.001772316,0,619.95992
48.65,100.00571,-0.001772322,0,619.95202
48.666667,100.00568,-0.001772316,0,619.94411
48.683333,100.00565,-0.001772322,0,619.93621
48.7,100.00562,-0.001772316,0,619.9283
48.716667,100.00559,-0.001772322,0,619.9204
48.733333,100.00557,-0.001772322,0,619.91249
48.75,100.00554,-0.001772316,0,619.90458
48.766667,100.00551,-0.001772322,0,619.89668
48.783333,100.00548,-0.001772316,0,619.88878
48.8,100.00545,-0.001772322,0,619.88087
48.816667,100.00542,-0.001772316,0,619.87297
48.833333,100.00539,-0.001772322,0,619.86507
48.85,100.00536,-0.001772316,0,619.85716
48.866667,100.00533,-0.001772322,0,619.84926
48.883333,100.0053,-0.001772316,0,619.84135
48.9,100.00527,-0.001772322,0,619.83345
48.916667,100.00524,-0.001772322,0,619.82554
48.933333,100.00521,-0.001772316,0,619.81763
48.95,100.00518,-0.001772322,0,619.80973
48.966667,100.00515,-0.001772316,0,619.80182
48.983333,100.00512,-0.001772322,0,619.79392
49,100.00509,-0.001772316,0,619.78601
49.016667,100.00506,-0.001772322,0,619.77811
49.033333,100.00503,-0.001772316,0,619.7702
49.05,100.005,-0.001772322,0,619.7623
49.066667,100.00497,-0.001772322,0,619.7544
49.083333,100.00495,-0.001772316,0,619.74649
49.1,100.00492,-0.001772322,0,619.73859
49.116667,100.00489,-0.001772316,0,619.73068
49.133333,100.00486,-0.001772322,0,619.72278
49.15,100.00483,-0.001772316,0,619.71487
49.166667,100.0048,-0.001772322,0,619.70697
49.183333,100.00477,-0.001772316,0,619.69906
49.2,100.00474,-0.001772322,0,619.69116
49.216667,100.00471,-0.001772316,0,619.68325
49.233333,100.00472,0.000432576,774.38465,0
49.25,100.00472,0.000432582,0,621.25073
49.266667,100.00473,0.000432576,0,621.25266
49.283333,100.00474,0.000432576,0,621.25458
49.3,100.00474,0.000432582,0,621.25651
49.316667,100.00475,0.000432576,0,621.25845
49.333333,100.00476,0.000432582,0,621.26037
49.35,100.00477,0.000432576,0,621.26231
49.366667,100.00477,0.000432582,0,621.26423
49.383333,100.00478,0.000432576,0,621.26616
49.4,100.00479,0.000432582,0,621.26809
49.416667,100.0048,0.000432576,0,621.27002
49.433333,100.0048,0.000432582,0,621.27195
49.45,100.00481,0.000432576,0,621.27388
49.466667,100.00482,0.000432582,0,621.27581
49.483333,100.00482,0.000432576,0,621.27774
49.5,100.00483,0.000432582,0,621.27967
49.516667,100.00484,0.000432576,0,621.2816
49.533333,100.00485,0.000432582,0,621.28352
49.55,100.00485,0.000432576,0,621.28546
49.566667,100.00486,0.000432582,0,621.28738
49.583333,100.00487,0.000432576,0,621.28932
49.6,100.00487,0.000432576,0,621.29124
49.616667,100.00488,0.000432582,0,621.29317
49.633333,100.00489,0.000432576,0,621.2951
49.65,100.0049,0.000432582,0,621.29703
49.666667,100.0049,0.000432576,0,621.29896
49.683333,100.00491,0.000432582,0,621.30089
49.7,100.00492,0.000432576,0,621.30282
49.716667,100.00493,0.000432582,0,621.30475
49.733333,100.00493,0.000432576,0,621.30668
49.75,100.00494,0.000432582,0,621.30861
49.766667,100.00495,0.000432576,0,621.31054
49.783333,100.00495,0.000432582,0,621.31246
49.8,100.00496,0.000432576,0,621.3144
49.816667,100.00497,0.000432582,0,621.31632
49.833333,100.00498,0.000432576,0,621.31826
49.85,100.00498,0.000432582,0,621.32018
49.866667,100.00499,0.000432576,0,621.32212
49.883333,100.005,0.000432582,0,621.32404
49.9,100.005,0.000432576,0,621.32597
49.916667,100.00501,0.000432576,0,621.3279
49.933333,100.00502,0.000432582,0,621.32983
49.95,100.00503,0.000432576,0,621.33176
49.966667,100.00503,0.000432582,0,621.33369
49.983333,100.00504,0.000432576,0,621.33562
50,100.00505,0.000432582,0,621.33755
50.016667,100.00505,0.000432576,0,621.33948
50.033333,100.00506,0.000432582,0,621.3414
50.05,100.00507,0.000432576,0,621.34334
50.066667,100.00508,0.000432582,0,621.34526
50.083333,100.00508,0.000432576,0,621.3472
50.1,100.00509,0.000432582,0,621.34912
50.116667,100.0051,0.000432576,0,621.35106
50.133333,100.00511,0.000432582,0,621.35298
50.15,100.00511,0.000432576,0,621.35491
50.166667,100.00512,0.000432582,0,621.35684
50.183333,100.00513,0.000432576,0,621.35877
50.2,100.00513,0.000432576,0,621.3607
50.216667,100.00514,0.000432582,0,621.36263
50.233333,100.00515,0.000432576,0,621.36456
50.25,100.00516,0.000432582,0,621.36649
50.266667,100.00516,0.000432576,0,621.36842
50.283333,100.00517,0.000432582,0,621.37034
50.3,100.00518,0.000432576,0,621.37228
50.316667,100.00518,0.000432582,0,621.3742
50.333333,100.00519,0.000432576,0,621.37614
50.35,100.0052,0.000432582,0,621.37806
50.366667,100.00521,0.000432576,0,621.38
50.383333,100.00521,0.000432582,0,621.38192
50.4,100.00522,0.000432576,0,621.38385
50.416667,100.00523,0.000432582,0,621.38578
50.433333,100.00524,0.000432576,0,621.38771
50.45,100.00524,0.000432582,0,621.38964
50.466667,100.00525,0.000432576,0,621.39157
50.483333,100.00526,0.000432582,0,621.3935
50.5,100.00526,0.000432576,0,621.39543
50.516667,100.00527,0.000432576,0,621.39736
50.533333,100.00528,0.000432582,0,621.39929
50.55,100.00529,0.000432576,0,621.40122
50.566667,100.00529,0.000432582,0,621.40314
50.583333,100.0053,0.000432576,0,621.40508
50.6,100.00531,0.000432582,0,621.407
50.616667,100.00531,0.000432576,0,621.40894
50.633333,100.00532,0.000432582,0,621.41086
50.65,100.00533,0.000432576,0,621.41279
50.666667,100.00534,0.000432582,0,621.41472
50.683333,100.00534,0.000432576,0,621.41665
50.7,100.00535,0.000432582,0,621.41858
50.716667,100.00536,0.000432576,0,621.42051
50.733333,100.00536,0.000432582,0,621.42244
50.75,100.00537,0.000432576,0,621.42437
50.766667,100.00538,0.000432582,0,621.4263
50.783333,100.00539,0.000432576,0,621.42823
50.8,100.00539,0.000432582,0,621.43015
50.816667,100.0054,0.000432576,0,621.43209
50.833333,100.00541,0.000432576,0,621.43401
50.85,100.00542,0.000432582,0,621.43594
50.866667,100.00542,0.000432576,0,621.43788
50.883333,100.00543,0.000432582,0,621.4398
50.9,100.00544,0.000432576,0,621.44173
50.916667,100.00544,0.000432582,0,621.44366
50.933333,100.00545,0.000432576,0,621.44559
50.95,100.00546,0.000432582,0,621.44752
50.966667,100.00547,0.000432576,0,621.44945
50.983333,100.00547,0.000432582,0,621.45138
51,100.00548,0.000432576,0,621.45331
51.016667,100.00549,0.000432582,0,621.45524
51.033333,100.00549,0.000432576,0,621.45717
51.05,100.0055,0.000432582,0,621.45909
51.066667,100.00551,0.000432576,0,621.46103
51.083333,100.00552,0.000432582,0,621.46295
51.1,100.00552,0.000432576,0,621.46489
51.116667,100.00553,0.000432582,0,621.46681
51.133333,100.00554,0.000432576,0,621.46875
51.15,100.00555,0.000432576,0,621.47067
51.166667,100.00555,0.000432582,0,621.4726
51.183333,100.00556,0.000432576,0,621.47453
51.2,100.00557,0.000432582,0,621.47646
51.216667,100.00557,0.000432576,0,621.47839
51.233333,100.00558,0.000432582,0,621.48032
51.25,100.00559,0.000432576,0,621.48225
51.266667,100.0056,0.000432582,0,621.48418
51.283333,100.0056,0.000432576,0,621.48611
51.3,100.00561,0.000432582,0,621.48803
51.316667,100.00562,0.000432576,0,621.48997
51.333333,100.00562,0.000432582,0,621.49189
51.35,100.00563,0.000432576,0,621.49383
51.366667,100.00564,0.000432582,0,621.49575
51.383333,100.00565,0.000432576,0,621.49769
51.4,100.00565,0.000432582,0,621.49961
51.416667,100.00566,0.000432576,0,621.50154
51.433333,100.00567,0.000432582,0,621.50347
51.45,100.00567,0.000432576,0,621.5054
51.466667,100.00568,0.000432576,0,621.50733
51.483333,100.00569,0.000432582,0,621.50926
51.5,100.0057,0.000432576,0,621.51119
51.516667,100.0057,0.000432582,0,621.51312
51.533333,100.00571,0.000432576,0,621.51505
51.55,100.00572,0.000432582,0,621.51698
51.566667,100.00573,0.000432576,0,621.51891
51.583333,100.00573,0.000432582,0,621.52083
51.6,100.00574,0.000432576,0,621.52277
51.616667,100.00575,0.000432582,0,621.52469
51.633333,100.00575,0.000432576,0,621.52663
51.65,100.00576,0.000432582,0,621.52855
51.666667,100.00577,0.000432576,0,621.53048
51.683333,100.00578,0.000432582,0,621.53241
51.7,100.00578,0.000432576,0,621.53434
51.716667,100.00579,0.000432582,0,621.53627
51.733333,100.0058,0.000432576,0,621.5382
51.75,100.0058,0.000432576,0,621.54013
51.766667,100.00581,0.000432582,0,621.54206
51.783333,100.00582,0.000432576,0,621.54399
51.8,100.00583,0.000432582,0,621.54592
51.816667,100.00583,0.000432576,0,621.54785
51.833333,100.00584,0.000432582,0,621.54977
51.85,100.00585,0.000432576,0,621.55171
51.866667,100.00586,0.000432582,0,621.55363
51.883333,100.00586,0.000432576,0,621.55557
51.9,100.00587,0.000432582,0,621.55749
51.916667,100.00588,0.000432576,0,621.55942
51.933333,100.00588,0.000432582,0,621.56135
51.95,100.00589,0.000432576,0,621.56328
51.966667,100.0059,0.000432582,0,621.56521
51.983333,100.00591,0.000432576,0,621.56714
52,100.00591,0.000432582,0,621.56907
52.016667,100.00592,0.000432576,0,621.571
52.033333,100.00593,0.000432582,0,621.57293
52.05,100.00593,0.000432576,0,621.57486
52.066667,100.00594,0.000432576,0,621.57678
52.083333,100.00595,0.000432582,0,621.57871
52.1,100.00596,0.000432576,0,621.58065
52.116667,100.00596,0.000432582,0,621.58257
52.133333,100.00597,0.000432576,0,621.58451
52.15,100.00598,0.000432582,0,621.58643
52.166667,100.00598,0.000432576,0,621.58836
52.183333,100.00599,0.000432582,0,621.59029
52.2,100.006,0.000432576,0,621.59222
52.216667,100.00601,0.000432582,0,621.59415
52.233333,100.00601,0.000432576,0,621.59608
52.25,100.00602,0.000432582,0,621.59801
52.266667,100.00603,0.000432576,0,621.59994
52.283333,100.00604,0.000432582,0,621.60187
52.3,100.00604,0.000432576,0,621.6038
52.316667,100.00605,0.000432582,0,621.60572
52.333333,100.00606,0.000432576,0,621.60766
52.35,100.00606,0.000432582,0,621.60958
52.366667,100.00607,0.000432576,0,621.61152
52.383333,100.00608,0.000432576,0,621.61344
52.4,100.00609,0.000432582,0,621.61537
52.416667,100.00609,0.000432576,0,621.61731
52.433333,100.0061,0.000432582,0,621.61923
52.45,100.00611,0.000432576,0,621.62116
52.466667,100.00611,0.000432582,0,621.62309
52.483333,100.00612,0.000432576,0,621.62502
52.5,100.00613,0.000432582,0,621.62695
52.516667,100.00614,0.000432576,0,621.62888
52.533333,100.00614,0.000432582,0,621.63081
52.55,100.00615,0.000432576,0,621.63274
52.566667,100.00616,0.000432582,0,621.63466
52.583333,100.00617,0.000432576,0,621.6366
52.6,100.00617,0.000432582,0,621.63852
52.616667,100.00618,0.000432576,0,621.64046
52.633333,100.00619,0.000432582,0,621.64238
52.65,100.00619,0.000432576,0,621.64432
52.666667,100.0062,0.000432582,0,621.64624
52.683333,100.00621,0.000432576,0,621.64817
52.7,100.00622,0.000432576,0,621.6501
52.716667,100.00622,0.000432582,0,621.65203
52.733333,100.00623,0.000432576,0,621.65396
52.75,100.00624,0.000432582,0,621.65589
52.766667,100.00624,0.000432576,0,621.65782
52.783333,100.00625,0.000432582,0,621.65975
52.8,100.00626,0.000432576,0,621.66168
52.816667,100.00627,0.000432582,0,621.66361
52.833333,100.00627,0.000432576,0,621.66554
52.85,100.00628,0.000432582,0,621.66746
52.866667,100.00629,0.000432576,0,621.6694
52.883333,100.00629,0.000432582,0,621.67132
52.9,100.0063,0.000432576,0,621.67326
52.916667,100.00631,0.000432582,0,621.67518
52.933333,100.00632,0.000432576,0,621.67711
52.95,100.00632,0.000432582,0,621.67904
52.966667,100.00633,0.000432576,0,621.68097
52.983333,100.00634,0.000432576,0,621.6829
53,100.00635,0.000432582,0,621.68483
53.016667,100.00635,0.000432576,0,621.68676
53.033333,100.00636,0.000432582,0,621.68869
53.05,100.00637,0.000432576,0,621.69062
53.066667,100.00637,0.000432582,0,621.69255
53.083333,100.00638,0.000432576,0,621.69448
53.1,100.00639,0.000432582,0,621.6964
53.116667,100.0064,0.000432576,0,621.69834
53.133333,100.0064,0.000432582,0,621.70026
53.15,100.00641,0.000432576,0,621.7022
53.166667,100.00642,0.000432582,0,621.70412
53.183333,100.00642,0.000432576,0,621.70605
53.2,100.00643,0.000432582,0,621.70798
53.216667,100.00644,0.000432576,0,621.70991
53.233333,100.00645,0.000432582,0,621.71184
53.25,100.00645,0.000432576,0,621.71377
53.266667,100.00646,0.000432582,0,621.7157
53.283333,100.00647,0.000432576,0,621.71763
53.3,100.00648,0.000432576,0,621.71956
53.316667,100.00648,0.000432582,0,621.72149
53.333333,100.00649,0.000432576,0,621.72342
53.35,100.0065,0.000432582,0,621.72534
53.366667,100.0065,0.000432576,0,621.72728
53.383333,100.00651,0.000432582,0,621.7292
53.4,100.00652,0.000432576,0,621.73114
53.416667,100.00653,0.000432582,0,621.73306
53.433333,100.00653,0.000432576,0,621.73499
53.45,100.00654,0.000432582,0,621.73692
53.466667,100.00655,0.000432576,0,621.73885
53.483333,100.00655,0.000432582,0,621.74078
53.5,100.00656,0.000432576,0,621.74271
53.516667,100.00657,0.000432582,0,621.74464
53.533333,100.00658,0.000432576,0,621.74657
53.55,100.00658,0.000432582,0,621.7485
53.566667,100.00659,0.000432576,0,621.75043
53.583333,100.0066,0.000432582,0,621.75235
53.6,100.0066,0.000432576,0,621.75429
53.616667,100.00661,0.000432576,0,621.75621
53.633333,100.00662,0.000432582,0,621.75814
53.65,100.00663,0.000432576,0,621.76008
53.666667,100.00663,0.000432582,0,621.762
53.683333,100.00664,0.000432576,0,621.76394
53.7,100.00665,0.000432582,0,621.76586
53.716667,100.00666,0.000432576,0,621.76779
53.733333,100.00666,0.000432582,0,621.76972
53.75,100.00667,0.000432576,0,621.77165
53.766667,100.00668,0.000432582,0,621.77358
53.783333,100.00668,0.000432576,0,621.77551
53.8,100.00669,0.000432582,0,621.77744
53.816667,100.0067,0.000432576,0,621.77937
53.833333,100.00671,0.000432582,0,621.78129
53.85,100.00671,0.000432576,0,621.78323
53.866667,100.00672,0.000432582,0,621.78515
53.883333,100.00673,0.000432576,0,621.78709
53.9,100.00673,0.000432582,0,621.78901
53.916667,100.00674,0.000432576,0,621.79095
53.933333,100.00675,0.000432576,0,621.79287
53.95,100.00676,0.000432582,0,621.7948
53.966667,100.00676,0.000432576,0,621.79673
53.983333,100.00677,0.000432582,0,621.79866
54,100.00678,0.000432576,0,621.80059
54.016667,100.00679,0.000432582,0,621.80252
54.033333,100.00679,0.000432576,0,621.80445
54.05,100.0068,0.000432582,0,621.80638
54.066667,100.00681,0.000432576,0,621.80831
54.083333,100.00681,0.000432582,0,621.81024
54.1,100.00682,0.000432576,0,621.81217
54.116667,100.00683,0.000432582,0,621.81409
54.133333,100.00684,0.000432576,0,621.81603
54.15,100.00684,0.000432582,0,621.81795
54.166667,100.00685,0.000432576,0,621.81989
54.183333,100.00686,0.000432582,0,621.82181
54.2,100.00686,0.000432576,0,621.82374
54.216667,100.00687,0.000432582,0,621.82567
54.233333,100.00688,0.000432576,0,621.8276
54.25,100.00689,0.000432576,0,621.82953
54.266667,100.00689,0.000432582,0,621.83146
54.283333,100.0069,0.000432576,0,621.83339
54.3,100.00691,0.000432582,0,621.83532
54.316667,100.00691,0.000432576,0,621.83725
54.333333,100.00692,0.000432582,0,621.83918
54.35,100.00693,0.000432576,0,621.84111
54.366667,100.00694,0.000432582,0,621.84303
54.383333,100.00694,0.000432576,0,621.84497
54.4,100.00695,0.000432582,0,621.84689
54.416667,100.00696,0.000432576,0,621.84883
54.433333,100.00697,0.000432582,0,621.85075
54.45,100.00697,0.000432576,0,621.85268
54.466667,100.00698,0.000432582,0,621.85461
54.483333,100.00699,0.000432576,0,621.85654
54.5,100.00699,0.000432582,0,621.85847
54.516667,100.007,0.000432576,0,621.8604
54.533333,100.00701,0.000432576,0,621.86233
54.55,100.00702,0.000432582,0,621.86426
54.566667,100.00702,0.000432576,0,621.86619
54.583333,100.00703,0.000432582,0,621.86812
54.6,100.00704,0.000432576,0,621.87005
54.616667,100.00704,0.000432582,0,621.87197
54.633333,100.00705,0.000432576,0,621.87391
54.65,100.00706,0.000432582,0,621.87583
54.666667,100.00707,0.000432576,0,621.87777
54.683333,100.00707,0.000432582,0,621.87969
54.7,100.00708,0.000432576,0,621.88163
54.716667,100.00709,0.000432582,0,621.88355
54.733333,100.0071,0.000432576,0,621.88548
54.75,100.0071,0.000432582,0,621.88741
54.766667,100.00711,0.000432576,0,621.88934
54.783333,100.00712,0.000432582,0,621.89127
54.8,100.00712,0.000432576,0,621.8932
54.816667,100.00713,0.000432582,0,621.89513
54.833333,100.00714,0.000432576,0,621.89706
54.85,100.00715,0.000432576,0,621.89898
54.866667,100.00715,0.000432582,0,621.90091
54.883333,100.00716,0.000432576,0,621.90285
54.9,100.00717,0.000432582,0,621.90477
54.916667,100.00717,0.000432576,0,621.90671
54.933333,100.00718,0.000432582,0,621.90863
54.95,100.00719,0.000432576,0,621.91057
54.966667,100.0072,0.000432582,0,621.91249
54.983333,100.0072,0.000432576,0,621.91442
55,100.00721,0.000432582,0,621.91635
55.016667,100.00722,0.000432576,0,621.91828
55.033333,100.00722,0.000432582,0,621.92021
55.05,100.00723,0.000432576,0,621.92214
55.066667,100.00724,0.000432582,0,621.92407
55.083333,100.00725,0.000432576,0,621.926
55.1,100.00725,0.000432582,0,621.92792
55.116667,100.00726,0.000432576,0,621.92986
55.133333,100.00727,0.000432582,0,621.93178
55.15,100.00728,0.000432576,0,621.93372
55.166667,100.00728,0.000432576,0,621.93564
55.183333,100.00729,0.000432582,0,621.93757
55.2,100.0073,0.000432576,0,621.93951
55.216667,100.0073,0.000432582,0,621.94143
55.233333,100.00731,0.000432576,0,621.94336
55.25,100.00732,0.000432582,0,621.94529
55.266667,100.00733,0.000432576,0,621.94722
55.283333,100.00733,0.000432582,0,621.94915
55.3,100.00734,0.000432576,0,621.95108
55.316667,100.00735,0.000432582,0,621.95301
55.333333,100.00735,0.000432576,0,621.95494
55.35,100.00736,0.000432582,0,621.95687
55.366667,100.00737,0.000432576,0,621.9588
55.383333,100.00738,0.000432582,0,621.96072
55.4,100.00738,0.000432576,0,621.96266
55.416667,100.00739,0.000432582,0,621.96458
55.433333,100.0074,0.000432576,0,621.96652
55.45,100.00741,0.000432582,0,621.96844
55.466667,100.00741,0.000432576,0,621.97037
55.483333,100.00742,0.000432576,0,621.9723
55.5,100.00743,0.000432582,0,621.97423
55.516667,100.00743,0.000432576,0,621.97616
55.533333,100.00744,0.000432582,0,621.97809
55.55,100.00745,0.000432576,0,621.98002
55.566667,100.00746,0.000432582,0,621.98195
55.583333,100.00746,0.000432576,0,621.98388
55.6,100.00747,0.000432582,0,621.98581
55.616667,100.00748,0.000432576,0,621.98774
55.633333,100.00748,0.000432582,0,621.98966
55.65,100.00749,0.000432576,0,621.9916
55.666667,100.0075,0.000432582,0,621.99352
55.683333,100.00751,0.000432576,0,621.99546
55.7,100.00751,0.000432582,0,621.99738
55.716667,100.00752,0.000432576,0,621.99931
55.733333,100.00753,0.000432582,0,622.00124
55.75,100.00753,0.000432576,0,622.00317
55.766667,100.00754,0.000432582,0,622.0051
55.783333,100.00755,0.000432576,0,622.00703
55.8,100.00756,0.000432576,0,622.00896
55.816667,100.00756,0.000432582,0,622.01089
55.833333,100.00757,0.000432576,0,622.01282
55.85,100.00758,0.000432582,0,622.01475
55.866667,100.00759,0.000432576,0,622.01668
55.883333,100.00759,0.000432582,0,622.0186
55.9,100.0076,0.000432576,0,622.02054
55.916667,100.00761,0.000432582,0,622.02246
55.933333,100.00761,0.000432576,0,622.0244
55.95,100.00762,0.000432582,0,622.02632
55.966667,100.00763,0.000432576,0,622.02826
55.983333,100.00764,0.000432582,0,622.03018
56,100.00764,0.000432576,0,622.03211
56.016667,100.00765,0.000432582,0,622.03404
56.033333,100.00766,0.000432576,0,622.03597
56.05,100.00766,0.000432582,0,622.0379
56.066667,100.00767,0.000432576,0,622.03983
56.083333,100.00768,0.000432576,0,622.04176
56.1,100.00769,0.000432582,0,622.04369
56.116667,100.00769,0.000432576,0,622.04562
56.133333,100.0077,0.000432582,0,622.04754
56.15,100.00771,0.000432576,0,622.04948
56.166667,100.00772,0.000432582,0,622.0514
56.183333,100.00772,0.000432576,0,622.05334
56.2,100.00773,0.000432582,0,622.05526
56.216667,100.00774,0.000432576,0,622.0572
56.233333,100.00774,0.000432582,0,622.05912
56.25,100.00775,0.000432576,0,622.06105
56.266667,100.00776,0.000432582,0,622.06298
56.283333,100.00777,0.000432576,0,622.06491
56.3,100.00777,0.000432582,0,622.06684
56.316667,100.00778,0.000432576,0,622.06877
56.333333,100.00779,0.000432582,0,622.0707
56.35,100.00779,0.000432576,0,622.07263
56.366667,100.0078,0.000432582,0,622.07455
56.383333,100.00781,0.000432576,0,622.07649
56.4,100.00782,0.000432576,0,622.07841
56.416667,100.00782,0.000432582,0,622.08034
56.433333,100.00783,0.000432576,0,622.08228
56.45,100.00784,0.000432582,0,622.0842
56.466667,100.00785,0.000432576,0,622.08614
56.483333,100.00785,0.000432582,0,622.08806
56.5,100.00786,0.000432576,0,622.08999
56.516667,100.00787,0.000432582,0,622.09192
56.533333,100.00787,0.000432576,0,622.09385
56.55,100.00788,0.000432582,0,622.09578
56.566667,100.00789,0.000432576,0,622.09771
56.583333,100.0079,0.000432582,0,622.09964
56.6,100.0079,0.000432576,0,622.10157
56.616667,100.00791,0.000432582,0,622.1035
56.633333,100.00792,0.000432576,0,622.10543
56.65,100.00792,0.000432582,0,622.10735
56.666667,100.00793,0.000432576,0,622.10929
56.683333,100.00794,0.000432582,0,622.11121
56.7,100.00795,0.000432576,0,622.11315
56.716667,100.00795,0.000432576,0,622.11507
56.733333,100.00796,0.000432582,0,622.117
56.75,100.00797,0.000432576,0,622.11893
56.766667,100.00797,0.000432582,0,622.12086
56.783333,100.00798,0.000432576,0,622.12279
56.8,100.00799,0.000432582,0,622.12472
56.816667,100.008,0.000432576,0,622.12665
56.833333,100.008,0.000432582,0,622.12858
56.85,100.00801,0.000432576,0,622.13051
56.866667,100.00802,0.000432582,0,622.13244
56.883333,100.00803,0.000432576,0,622.13437
56.9,100.00803,0.000432582,0,622.13629
56.916667,100.00804,0.000432576,0,622.13823
56.933333,100.00805,0.000432582,0,622.14015
56.95,100.00805,0.000432576,0,622.14209
56.966667,100.00806,0.000432582,0,622.14401
56.983333,100.00807,0.000432576,0,622.14594
57,100.00808,0.000432582,0,622.14787
57.016667,100.00808,0.000432576,0,622.1498
57.033333,100.00809,0.000432576,0,622.15173
57.05,100.0081,0.000432582,0,622.15366
57.066667,100.0081,0.000432576,0,622.15559
57.083333,100.00811,0.000432582,0,622.15752
57.1,100.00812,0.000432576,0,622.15945
57.116667,100.00813,0.000432582,0,622.16138
57.133333,100.00813,0.000432576,0,622.16331
57.15,100.00814,0.000432582,0,622.16523
57.166667,100.00815,0.000432576,0,622.16717
57.183333,100.00816,0.000432582,0,622.16909
57.2,100.00816,0.000432576,0,622.17103
57.216667,100.00817,0.000432582,0,622.17295
57.233333,100.00818,0.000432576,0,622.17489
57.25,100.00818,0.000432582,0,622.17681
57.266667,100.00819,0.000432576,0,622.17874
57.283333,100.0082,0.000432582,0,622.18067
57.3,100.00821,0.000432576,0,622.1826
57.316667,100.00821,0.000432576,0,622.18453
57.333333,100.00822,0.000432582,0,622.18646
57.35,100.00823,0.000432576,0,622.18839
57.366667,100.00823,0.000432582,0,622.19032
57.383333,100.00824,0.000432576,0,622.19225
57.4,100.00825,0.000432582,0,622.19417
57.416667,100.00826,0.000432576,0,622.19611
57.433333,100.00826,0.000432582,0,622.19803
57.45,100.00827,0.000432576,0,622.19997
57.466667,100.00828,0.000432582,0,622.20189
57.483333,100.00828,0.000432576,0,622.20383
57.5,100.00829,0.000432582,0,622.20575
57.516667,100.0083,0.000432576,0,622.20768
57.533333,100.00831,0.000432582,0,622.20961
57.55,100.00831,0.000432576,0,622.21154
57.566667,100.00832,0.000432582,0,622.21347
57.583333,100.00833,0.000432576,0,622.2154
57.6,100.00834,0.000432582,0,622.21733
57.616667,100.00834,0.000432576,0,622.21926
57.633333,100.00835,0.000432576,0,622.22118
57.65,100.00836,0.000432582,0,622.22311
57.666667,100.00836,0.000432576,0,622.22505
57.683333,100.00837,0.000432582,0,622.22697
57.7,100.00838,0.000432576,0,622.22891
57.716667,100.00839,0.000432582,0,622.23083
57.733333,100.00839,0.000432576,0,622.23277
57.75,100.0084,0.000432582,0,622.23469
57.766667,100.00841,0.000432576,0,622.23662
57.783333,100.00841,0.000432582,0,622.23855
57.8,100.00842,0.000432576,0,622.24048
57.816667,100.00843,0.000432582,0,622.24241
57.833333,100.00844,0.000432576,0,622.24434
57.85,100.00844,0.000432582,0,622.24627
57.866667,100.00845,0.000432576,0,622.2482
57.883333,100.00846,0.000432582,0,622.25013
57.9,100.00847,0.000432576,0,622.25206
57.916667,100.00847,0.000432582,0,622.25398
57.933333,100.00848,0.000432576,0,622.25592
57.95,100.00849,0.000432576,0,622.25784
57.966667,100.00849,0.000432582,0,622.25977
57.983333,100.0085,0.000432576,0,622.26171
58,100.00851,0.000432582,0,622.26363
58.016667,100.00852,0.000432576,0,622.26556
58.033333,100.00852,0.000432582,0,622.26749
58.05,100.00853,0.000432576,0,622.26942
58.066667,100.00854,0.000432582,0,622.27135
58.083333,100.00854,0.000432576,0,622.27328
58.1,100.00855,0.000432582,0,622.27521
58.116667,100.00856,0.000432576,0,622.27714
58.133333,100.00857,0.000432582,0,622.27907
58.15,100.00857,0.000432576,0,622.281
58.166667,100.00858,0.000432582,0,622.28292
58.183333,100.00859,0.000432576,0,622.28486
58.2,100.00859,0.000432582,0,622.28678
58.216667,100.0086,0.000432576,0,622.28872
58.233333,100.00861,0.000432582,0,622.29064
58.25,100.00862,0.000432576,0,622.29257
58.266667,100.00862,0.000432576,0,622.2945
58.283333,100.00863,0.000432582,0,622.29643
58.3,100.00864,0.000432576,0,622.29836
58.316667,100.00865,0.000432582,0,622.30029
58.333333,100.00865,0.000432576,0,622.30222
58.35,100.00866,0.000432582,0,622.30415
58.366667,100.00867,0.000432576,0,622.30608
58.383333,100.00867,0.000432582,0,622.30801
58.4,100.00868,0.000432576,0,622.30994
58.416667,100.00869,0.000432582,0,622.31186
58.433333,100.0087,0.000432576,0,622.3138
58.45,100.0087,0.000432582,0,622.31572
58.466667,100.00871,0.000432576,0,622.31766
58.483333,100.00872,0.000432582,0,622.31958
58.5,100.00872,0.000432576,0,622.32152
58.516667,100.00873,0.000432582,0,622.32344
58.533333,100.00874,0.000432576,0,622.32537
58.55,100.00875,0.000432582,0,622.3273
58.566667,100.00875,0.000432576,0,622.32923
58.583333,100.00876,0.000432576,0,622.33116
58.6,100.00877,0.000432582,0,622.33309
58.616667,100.00878,0.000432576,0,622.33502
58.633333,100.00878,0.000432582,0,622.33695
58.65,100.00879,0.000432576,0,622.33888
58.666667,100.0088,0.000432582,0,622.3408
58.683333,100.0088,0.000432576,0,622.34274
58.7,100.00881,0.000432582,0,622.34466
58.716667,100.00882,0.000432576,0,622.3466
58.733333,100.00883,0.000432582,0,622.34852
58.75,100.00883,0.000432576,0,622.35046
58.766667,100.00884,0.000432582,0,622.35238
58.783333,100.00885,0.000432576,0,622.35431
58.8,100.00885,0.000432582,0,622.35624
58.816667,100.00886,0.000432576,0,622.35817
58.833333,100.00887,0.000432582,0,622.3601
58.85,100.00888,0.000432576,0,622.36203
58.866667,100.00888,0.000432576,0,622.36396
58.883333,100.00889,0.000432582,0,622.36589
58.9,100.0089,0.000432576,0,622.36782
58.916667,100.0089,0.000432582,0,622.36974
58.933333,100.00891,0.000432576,0,622.37168
58.95,100.00892,0.000432582,0,622.3736
58.966667,100.00893,0.000432576,0,622.37554
58.983333,100.00893,0.000432582,0,622.37746
59,100.00894,0.000432576,0,622.3794
59.016667,100.00895,0.000432582,0,622.38132
59.033333,100.00896,0.000432576,0,622.38325
59.05,100.00896,0.000432582,0,622.38518
59.066667,100.00897,0.000432576,0,622.38711
59.083333,100.00898,0.000432582,0,622.38904
59.1,100.00898,0.000432576,0,622.39097
59.116667,100.00899,0.000432582,0,622.3929
59.133333,100.009,0.000432576,0,622.39483
59.15,100.00901,0.000432582,0,622.39676
59.166667,100.00901,0.000432576,0,622.39869
59.183333,100.00902,0.000432576,0,622.40061
59.2,100.00903,0.000432582,0,622.40254
59.216667,100.00903,0.000432576,0,622.40448
59.233333,100.00904,0.000432582,0,622.4064
59.25,100.00905,0.000432576,0,622.40834
59.266667,100.00906,0.000432582,0,622.41026
59.283333,100.00906,0.000432576,0,622.41219
59.3,100.00907,0.000432582,0,622.41412
59.316667,100.00908,0.000432576,0,622.41605
59.333333,100.00909,0.000432582,0,622.41798
59.35,100.00909,0.000432576,0,622.41991
59.366667,100.0091,0.000432582,0,622.42184
59.383333,100.00911,0.000432576,0,622.42377
59.4,100.00911,0.000432582,0,622.4257
59.416667,100.00912,0.000432576,0,622.42763
59.433333,100.00913,0.000432582,0,622.42955
59.45,100.00914,0.000432576,0,622.43149
59.466667,100.00914,0.000432582,0,622.43341
59.483333,100.00915,0.000432576,0,622.43535
59.5,100.00916,0.000432576,0,622.43727
59.516667,100.00916,0.000432582,0,622.4392
59.533333,100.00917,0.000432576,0,622.44113
59.55,100.00918,0.000432582,0,622.44306
59.566667,100.00919,0.000432576,0,622.44499
59.583333,100.00919,0.000432582,0,622.44692
59.6,100.0092,0.000432576,0,622.44885
59.616667,100.00921,0.000432582,0,622.45078
59.633333,100.00921,0.000432576,0,622.45271
59.65,100.00922,0.000432582,0,622.45464
59.666667,100.00923,0.000432576,0,622.45657
59.683333,100.00924,0.000432582,0,622.45849
59.7,100.00924,0.000432576,0,622.46043
59.716667,100.00925,0.000432582,0,622.46235
59.733333,100.00926,0.000432576,0,622.46429
59.75,100.00927,0.000432582,0,622.46621
59.766667,100.00927,0.000432576,0,622.46815
59.783333,100.00928,0.000432582,0,622.47007
59.8,100.00929,0.000432576,0,622.472
59.816667,100.00929,0.000432576,0,622.47393
59.833333,100.0093,0.000432582,0,622.47586
59.85,100.00931,0.000432576,0,622.47779
59.866667,100.00932,0.000432582,0,622.47972
59.883333,100.00932,0.000432576,0,622.48165
59.9,100.00933,0.000432582,0,622.48358
59.916667,100.00934,0.000432576,0,622.48551
59.933333,100.00934,0.000432582,0,622.48743
59.95,100.00935,0.000432576,0,622.48937
59.966667,100.00936,0.000432582,0,622.49129
59.983333,100.00937,0.000432576,0,622.49323
60,100.00937,0.000432582,0,622.49515
