time_s,position_m,velocity_m_s,left_thrust_N,right_thrust_N
0,0,0,0,0
0.016666667,0.0004946694,0.029680164,4342.4554,0
0.033333333,0.0014840058,0.059360184,4342.4377,0
0.05,0.0029680048,0.08903994,4342.4024,0
0.066666667,0.0049466596,0.11871929,4342.3495,0
0.083333333,0.007419961,0.14839808,4342.2789,0
0.1,0.010387898,0.17807621,4342.1907,0
0.11666667,0.013850457,0.20775352,4342.0848,0
0.13333333,0.017807621,0.23742988,4341.9612,0
0.15,0.022259373,0.26710514,4341.82,0
0.16666667,0.027205693,0.29677919,4341.6612,0
0.18333333,0.032646558,0.32645188,4341.4847,0
0.2,0.038581942,0.35612306,4341.2905,0
0.21666667,0.045011819,0.38579263,4341.0788,0
0.23333333,0.05193616,0.41546042,4340.8493,0
0.25,0.059354931,0.44512631,4340.6023,0
0.26666667,0.067268101,0.47479016,4340.3376,0
0.28333333,0.075675632,0.50445184,4340.0552,0
0.3,0.084577485,0.53411122,4339.7552,0
0.31666667,0.093973621,0.56376814,4339.4376,0
0.33333333,0.103864,0.59342248,4339.1024,0
0.35,0.11424856,0.6230741,4338.7495,0
0.36666667,0.12512728,0.65272288,4338.3789,0
0.38333333,0.13650009,0.68236865,4337.9908,0
0.4,0.14836694,0.71201131,4337.585,0
0.41666667,0.16072779,0.74165071,4337.1616,0
0.43333333,0.17358257,0.77128671,4336.7205,0
0.45,0.18693122,0.80091918,4336.2618,0
0.46666667,0.20077369,0.83054798,4335.7856,0
0.48333333,0.2151099,0.86017298,4335.2916,0
0.5,0.2299398,0.88979404,4334.7801,0
0.51666667,0.24526332,0.91941102,4334.251,0
0.53333333,0.26108038,0.9490238,4333.7042,0
0.55,0.27739092,0.97863223,4333.1399,0
0.56666667,0.29419486,1.0082362,4332.5579,0
0.58333333,0.31149212,1.0378355,4331.9583,0
0.6,0.32928262,1.0674301,4331.3411,0
0.61666667,0.34756628,1.0970198,4330.7063,0
0.63333333,0.36634302,1.1266044,4330.054,0
0.65,0.38561275,1.1561839,4329.384,0
0.66666667,0.40537539,1.1857582,4328.6964,0
0.68333333,0.42563084,1.2153269,4327.9913,0
0.7,0.44637901,1.2448902,4327.2686,0
0.71666667,0.4676198,1.2744477,4326.5283,0
0.73333333,0.48935313,1.3039994,4325.7704,0
0.75,0.51157888,1.3335451,4324.9949,0
0.76666667,0.53429695,1.3630847,4324.2019,0
0.78333333,0.55750725,1.392618,4323.3913,0
0.8,0.58120967,1.422145,4322.5631,0
0.81666667,0.6054041,1.4516655,4321.7174,0
0.83333333,0.63009042,1.4811793,4320.8541,0
0.85,0.65526852,1.5106864,4319.9733,0
0.86666667,0.6809383,1.5401865,4319.0749,0
0.88333333,0.70709963,1.5696796,4318.159,0
0.9,0.73375238,1.5991654,4317.2256,0
0.91666667,0.76089645,1.628644,4316.2746,0
0.93333333,0.7885317,1.6581151,4315.306,0
0.95,0.81665801,1.6875786,4314.32,0
0.96666667,0.84527525,1.7170344,4313.3164,0
0.98333333,0.87438329,1.7464823,4312.2953,0
1,0.90398199,1.7759222,4311.2567,0
1.0166667,0.93407123,1.805354,4310.2006,0
1.0333333,0.96465085,1.8347775,4309.127,0
1.05,0.99572073,1.8641927,4308.0359,0
1.0666667,1.0272807,1.8935992,4306.9273,0
1.0833333,1.0593307,1.9229972,4305.8012,0
1.1,1.0918704,1.9523863,4304.6577,0
1.1166667,1.1248999,1.9817664,4303.4966,0
1.1333333,1.1584188,2.0111375,4302.3181,0
1.15,1.1924272,2.0404994,4301.1221,0
1.1666667,1.2269247,2.0698519,4299.9087,0
1.1833333,1.2619113,2.099195,4298.6778,0
1.2,1.2973868,2.1285285,4297.4295,0
1.2166667,1.333351,2.1578522,4296.1637,0
1.2333333,1.3698037,2.187166,4294.8804,0
1.25,1.4067449,2.2164698,4293.5798,0
1.2666667,1.4441743,2.2457634,4292.2617,0
1.2833333,1.4820917,2.2750468,4290.9262,0
1.3,1.5204971,2.3043198,4289.5732,0
1.3166667,1.5593901,2.3335822,4288.2029,0
1.3333333,1.5987707,2.3628339,4286.8152,0
1.35,1.6386386,2.3920748,4285.4101,0
1.3666667,1.6789936,2.4213047,4283.9875,0
1.3833333,1.7198357,2.4505236,4282.5476,0
1.4,1.7611646,2.4797312,4281.0904,0
1.4166667,1.80298,2.5089275,4279.6157,0
1.4333333,1.8452819,2.5381122,4278.1237,0
1.45,1.88807,2.5672854,4276.6144,0
1.4666667,1.9313441,2.5964468,4275.0876,0
1.4833333,1.975104,2.6255963,4273.5436,0
1.5,2.0193496,2.6547338,4271.9822,0
1.5166667,2.0640806,2.6838592,4270.4035,0
1.5333333,2.1092968,2.7129722,4268.8074,0
1.55,2.154998,2.7420728,4267.1941,0
1.5666667,2.201184,2.7711609,4265.5634,0
1.5833333,2.2478546,2.8002363,4263.9155,0
1.6,2.2950096,2.8292989,4262.2503,0
1.6166667,2.3426487,2.8583485,4260.5677,0
1.6333333,2.3907718,2.887385,4258.8679,0
1.65,2.4393786,2.9164083,4257.1509,0
1.6666667,2.4884689,2.9454182,4255.4165,0
1.6833333,2.5380425,2.9744146,4253.665,0
1.7,2.5880991,3.0033975,4251.8961,0
1.7166667,2.6386386,3.0323665,4250.1101,0
1.7333333,2.6896606,3.0613217,4248.3068,0
1.75,2.741165,3.0902629,4246.4863,0
1.7666667,2.7931515,3.1191899,4244.6486,0
1.7833333,2.8456199,3.1481026,4242.7936,0
1.8,2.8985699,3.177001,4240.9215,0
1.8166667,2.9520013,3.2058847,4239.0322,0
1.8333333,3.0059139,3.2347538,4237.1258,0
1.85,3.0603073,3.2636081,4235.2021,0
1.8666667,3.1151814,3.2924474,4233.2613,0
1.8833333,3.170536,3.3212717,4231.3034,0
1.9,3.2263706,3.3500807,4229.3283,0
1.9166667,3.2826852,3.3788744,4227.3361,0
1.9333333,3.3394794,3.4076527,4225.3267,0
1.95,3.396753,3.4364153,4223.3003,0
1.9666667,3.4545057,3.4651622,4221.2567,0
1.9833333,3.5127373,3.4938932,4219.196,0
2,3.5714474,3.5226082,4217.1183,0
2.0166667,3.6306359,3.5513071,4215.0235,0
2.0333333,3.6903024,3.5799898,4212.9116,0
2.05,3.7504466,3.608656,4210.7826,0
2.0666667,3.8110684,3.6373057,4208.6366,0
2.0833333,3.8721674,3.6659388,4206.4736,0
2.1,3.9337433,3.6945551,4204.2935,0
2.1166667,3.9957959,3.7231544,4202.0965,0
2.1333333,4.0583248,3.7517367,4199.8824,0
2.15,4.1213298,3.7803018,4197.6513,0
2.1666667,4.1848107,3.8088497,4195.4032,0
2.1833333,4.248767,3.83738,4193.1382,0
2.2,4.3131986,3.8658928,4190.8562,0
2.2166667,4.378105,3.8943879,4188.5572,0
2.2333333,4.4434861,3.9228652,4186.2413,0
2.25,4.5093415,3.9513245,4183.9085,0
2.2666667,4.5756709,3.9797657,4181.5587,0
2.2833333,4.6424741,4.0081887,4179.192,0
2.3,4.7097506,4.0365933,4176.8084,0
2.3166667,4.7775003,4.0649795,4174.4079,0
2.3333333,4.8457227,4.093347,4171.9906,0
2.35,4.9144177,4.1216958,4169.5564,0
2.3666667,4.9835848,4.1500257,4167.1053,0
2.3833333,5.0532237,4.1783366,4164.6373,0
2.4,5.1233342,4.2066284,4162.1526,0
2.4166667,5.1939159,4.2349009,4159.651,0
2.4333333,5.2649684,4.263154,4157.1326,0
2.45,5.3364916,4.2913876,4154.5974,0
2.4666667,5.4084849,4.3196015,4152.0454,0
2.4833333,5.4809482,4.3477957,4149.4766,0
2.5,5.553881,4.3759699,4146.891,0
2.5166667,5.6272831,4.4041242,4144.2887,0
2.5333333,5.7011541,4.4322582,4141.6697,0
2.55,5.7754936,4.460372,4139.0339,0
2.5666667,5.8503013,4.4884653,4136.3814,0
2.5833333,5.925577,4.5165381,4133.7122,0
2.6,6.0013201,4.5445902,4131.0263,0
2.6166667,6.0775305,4.5726214,4128.3238,0
2.6333333,6.1542077,4.6006318,4125.6045,0
2.65,6.2313514,4.628621,4122.8686,0
2.6666667,6.3089612,4.6565891,4120.1161,0
2.6833333,6.3870368,4.6845359,4117.3469,0
2.7,6.4655778,4.7124612,4114.5611,0
2.7166667,6.5445839,4.7403649,4111.7587,0
2.7333333,6.6240547,4.7682469,4108.9397,0
2.75,6.7039898,4.7961071,4106.1041,0
2.7666667,6.7843889,4.8239453,4103.252,0
2.7833333,6.8652516,4.8517615,4100.3833,0
2.8,6.9465775,4.8795554,4097.498,0
2.8166667,7.0283663,4.9073269,4094.5963,0
2.8333333,7.1106176,4.935076,4091.678,0
2.85,7.1933309,4.9628025,4088.7432,0
2.8666667,7.276506,4.9905063,4085.7919,0
2.8833333,7.3601425,5.0181872,4082.8242,0
2.9,7.4442399,5.0458452,4079.84,0
2.9166667,7.5287979,5.07348,4076.8393,0
2.9333333,7.6138161,5.1010916,4073.8222,0
2.95,7.6992941,5.1286798,4070.7887,0
2.9666667,7.7852315,5.1562446,4067.7388,0
2.9833333,7.8716279,5.1837857,4064.6725,0
3,7.958483,5.2113032,4061.5898,0
3.0166667,8.0457963,5.2387967,4058.4907,0
3.0333333,8.1335674,5.2662663,4055.3753,0
3.05,8.2217959,5.2937117,4052.2436,0
3.0666667,8.3104814,5.3211329,4049.0955,0
3.0833333,8.3996236,5.3485297,4045.9312,0
3.1,8.489222,5.3759021,4042.7505,0
3.1166667,8.5792761,5.4032498,4039.5536,0
3.1333333,8.6697857,5.4305728,4036.3404,0
3.15,8.7607502,5.4578709,4033.1109,0
3.1666667,8.8521693,5.485144,4029.8652,0
3.1833333,8.9440425,5.512392,4026.6033,0
3.2,9.0363694,5.5396148,4023.3252,0
3.2166667,9.1291496,5.5668121,4020.0309,0
3.2333333,9.2223826,5.593984,4016.7205,0
3.25,9.3160682,5.6211303,4013.3938,0
3.2666667,9.4102057,5.6482509,4010.0511,0
3.2833333,9.5047948,5.6753455,4006.6922,0
3.3,9.599835,5.7024142,4003.3172,0
3.3166667,9.6953259,5.7294568,3999.926,0
3.3333333,9.7912672,5.7564732,3996.5189,0
3.35,9.8876582,5.7834631,3993.0956,0
3.3666667,9.9844987,5.8104266,3989.6563,0
3.3833333,10.081788,5.8373635,3986.201,0
3.4,10.179526,5.8642737,3982.7296,0
3.4166667,10.277712,5.891157,3979.2422,0
3.4333333,10.376345,5.9180133,3975.7389,0
3.45,10.475426,5.9448426,3972.2196,0
3.4666667,10.574954,5.9716446,3968.6843,0
3.4833333,10.674927,5.9984192,3965.1331,0
3.5,10.775347,6.0251664,3961.5659,0
3.5166667,10.876211,6.051886,3957.9829,0
3.5333333,10.977521,6.0785779,3954.384,0
3.55,11.079275,6.105242,3950.7692,0
3.5666667,11.181473,6.1318781,3947.1385,0
3.5833333,11.284115,6.1584861,3943.492,0
3.6,11.387199,6.1850659,3939.8297,0
3.6166667,11.490726,6.2116174,3936.1516,0
3.6333333,11.594695,6.2381404,3932.4576,0
3.65,11.699105,6.2646349,3928.7479,0
3.6666667,11.803957,6.2911007,3925.0225,0
3.6833333,11.909249,6.3175377,3921.2813,0
3.7,12.014982,6.3439458,3917.5244,0
3.7166667,12.121154,6.3703248,3913.7518,0
3.7333333,12.227765,6.3966746,3909.9635,0
3.75,12.334815,6.4229952,3906.1595,0
3.7666667,12.442303,6.4492863,3902.3399,0
3.7833333,12.550229,6.4755479,3898.5046,0
3.8,12.658592,6.5017798,3894.6538,0
3.8166667,12.767392,6.527982,3890.7873,0
3.8333333,12.876628,6.5541543,3886.9052,0
3.85,12.986299,6.5802966,3883.0076,0
3.8666667,13.096406,6.6064087,3879.0945,0
3.8833333,13.206948,6.6324906,3875.1658,0
3.9,13.317923,6.6585421,3871.2216,0
3.9166667,13.429333,6.6845631,3867.2619,0
3.9333333,13.541175,6.7105535,3863.2867,0
3.95,13.65345,6.7365132,3859.2961,0
3.9666667,13.766158,6.7624421,3855.29,0
3.9833333,13.879297,6.7883399,3851.2685,0
4,13.992867,6.8142067,3847.2316,0
4.0166667,14.106868,6.8400423,3843.1794,0
4.0333333,14.221298,6.8658465,3839.1117,0
4.05,14.336159,6.8916194,3835.0288,0
4.0666667,14.451448,6.9173606,3830.9304,0
4.0833333,14.567166,6.9430702,3826.8168,0
4.1,14.683312,6.968748,3822.6879,0
4.1166667,14.799885,6.9943939,3818.5438,0
4.1333333,14.916885,7.0200077,3814.3843,0
4.15,15.034312,7.0455894,3810.2097,0
4.1666667,15.152164,7.0711389,3806.0198,0
4.1833333,15.270441,7.0966559,3801.8148,0
4.2,15.389144,7.1221405,3797.5945,0
4.2166667,15.50827,7.1475924,3793.3591,0
4.2333333,15.627821,7.1730117,3789.1086,0
4.25,15.747794,7.198398,3784.843,0
4.2666667,15.86819,7.2237514,3780.5622,0
4.2833333,15.989008,7.2490718,3776.2664,0
4.3,16.110247,7.2743589,3771.9556,0
4.3166667,16.231907,7.2996127,3767.6296,0
4.3333333,16.353988,7.3248331,3763.2887,0
4.35,16.476488,7.35002,3758.9328,0
4.3666667,16.599408,7.3751732,3754.5619,0
4.3833333,16.722746,7.4002926,3750.176,0
4.4,16.846502,7.4253781,3745.7752,0
4.4166667,16.970676,7.4504297,3741.3595,0
4.4333333,17.095267,7.4754471,3736.9289,0
4.45,17.220274,7.5004303,3732.4834,0
4.4666667,17.345697,7.5253791,3728.023,0
4.4833333,17.471535,7.5502935,3723.5479,0
4.5,17.597788,7.5751733,3719.0579,0
4.5166667,17.724455,7.6000184,3714.5531,0
4.5333333,17.851535,7.6248287,3710.0335,0
4.55,17.979029,7.6496041,3705.4992,0
4.5666667,18.106935,7.6743445,3700.9501,0
4.5833333,18.235252,7.6990497,3696.3863,0
4.6,18.363981,7.7237197,3691.8079,0
4.6166667,18.49312,7.7483543,3687.2147,0
4.6333333,18.622669,7.7729534,3682.6069,0
4.65,18.752628,7.7975169,3677.9845,0
4.6666667,18.882995,7.8220448,3673.3475,0
4.6833333,19.013771,7.8465368,3668.6959,0
4.7,19.144954,7.8709928,3664.0297,0
4.7166667,19.276544,7.8954128,3659.349,0
4.7333333,19.408541,7.9197967,3654.6538,0
4.75,19.540943,7.9441443,3649.944,0
4.7666667,19.673751,7.9684556,3645.2198,0
4.7833333,19.806963,7.9927303,3640.4811,0
4.8,19.940579,8.0169684,3635.728,0
4.8166667,20.074599,8.0411699,3630.9605,0
4.8333333,20.209021,8.0653345,3626.1786,0
4.85,20.343845,8.0894621,3621.3823,0
4.8666667,20.479071,8.1135528,3616.5717,0
4.8833333,20.614698,8.1376062,3611.7467,0
4.9,20.750725,8.1616225,3606.9074,0
4.9166667,20.887152,8.1856013,3602.0539,0
4.9333333,21.023977,8.2095426,3597.1861,0
4.95,21.161201,8.2334464,3592.304,0
4.9666667,21.298823,8.2573125,3587.4078,0
4.9833333,21.436842,8.2811407,3582.4973,0
5,21.575258,8.304931,3577.5727,0
5.0166667,21.714069,8.3286833,3572.6339,0
5.0333333,21.853276,8.3523975,3567.681,0
5.05,21.992877,8.3760734,3562.714,0
5.0666667,22.132872,8.399711,3557.733,0
5.0833333,22.273261,8.42331,3552.7378,0
5.1,22.414042,8.4468706,3547.7287,0
5.1166667,22.555215,8.4703924,3542.7055,0
5.1333333,22.69678,8.4938754,3537.6683,0
5.15,22.838735,8.5173196,3532.6172,0
5.1666667,22.98108,8.5407247,3527.5521,0
5.1833333,23.123815,8.5640908,3522.4731,0
5.2,23.266939,8.5874176,3517.3802,0
5.2166667,23.410451,8.6107051,3512.2735,0
5.2333333,23.55435,8.6339532,3507.1529,0
5.25,23.698636,8.6571617,3502.0184,0
5.2666667,23.843308,8.6803306,3496.8702,0
5.2833333,23.988366,8.7034597,3491.7082,0
5.3,24.133808,8.726549,3486.5324,0
5.3166667,24.279635,8.7495984,3481.3429,0
5.3333333,24.425845,8.7726076,3476.1397,0
5.35,24.572438,8.7955767,3470.9228,0
5.3666667,24.719413,8.8185055,3465.6923,0
5.3833333,24.86677,8.8413939,3460.4481,0
5.4,25.014507,8.8642419,3455.1903,0
5.4166667,25.162624,8.8870492,3449.9189,0
5.4333333,25.311121,8.9098159,3444.634,0
5.45,25.459997,8.9325417,3439.3355,0
5.4666667,25.609251,8.9552267,3434.0235,0
5.4833333,25.758882,8.9778706,3428.698,0
5.5,25.90889,9.0004735,3423.3591,0
5.5166667,26.059274,9.0230351,3418.0067,0
5.5333333,26.210033,9.0455554,3412.6409,0
5.55,26.361167,9.0680343,3407.2617,0
5.5666667,26.512675,9.0904716,3401.8691,0
5.5833333,26.664556,9.1128673,3396.4632,0
5.6,26.81681,9.1352213,3391.0439,0
5.6166667,26.969435,9.1575335,3385.6114,0
5.6333333,27.122432,9.1798037,3380.1656,0
5.65,27.275799,9.2020319,3374.7066,0
5.6666667,27.429536,9.224218,3369.2343,0
5.6833333,27.583642,9.2463618,3363.7489,0
5.7,27.738117,9.2684632,3358.2502,0
5.7166667,27.892959,9.2905223,3352.7385,0
5.7333333,28.048168,9.3125388,3347.2136,0
5.75,28.203743,9.3345126,3341.6756,0
5.7666667,28.359684,9.3564437,3336.1246,0
5.7833333,28.515989,9.378332,3330.5605,0
5.8,28.672659,9.4001773,3324.9834,0
5.8166667,28.829692,9.4219795,3319.3933,0
5.8333333,28.987087,9.4437387,3313.7903,0
5.85,29.144845,9.4654545,3308.1743,0
5.8666667,29.302964,9.4871271,3302.5454,0
5.8833333,29.461443,9.5087561,3296.9036,0
5.9,29.620282,9.5303417,3291.2489,0
5.9166667,29.77948,9.5518836,3285.5814,0
5.9333333,29.939036,9.5733817,3279.9011,0
5.95,30.09895,9.5948361,3274.208,0
5.9666667,30.259221,9.6162464,3268.5022,0
5.9833333,30.419848,9.6376128,3262.7836,0
6,30.58083,9.658935,3257.0523,0
6.0166667,30.742167,9.680213,3251.3083,0
6.0333333,30.903858,9.7014467,3245.5517,0
6.05,31.065902,9.7226359,3239.7824,0
6.0666667,31.228298,9.7437806,3234.0006,0
6.0833333,31.391046,9.7648807,3228.2062,0
6.1,31.554145,9.7859361,3222.3992,0
6.1166667,31.717594,9.8069466,3216.5797,0
6.1333333,31.881393,9.8279123,3210.7477,0
6.15,32.04554,9.8488329,3204.9033,0
6.1666667,32.210035,9.8697085,3199.0464,0
6.1833333,32.374877,9.8905389,3193.1771,0
6.2,32.540066,9.9113239,3187.2954,0
6.2166667,32.705601,9.9320636,3181.4013,0
6.2333333,32.87148,9.9527578,3175.4949,0
6.25,33.037703,9.9734064,3169.5762,0
6.2666667,33.20427,9.9940094,3163.6452,0
6.2833333,33.37118,10.014567,3157.702,0
6.3,33.538431,10.035078,3151.7466,0
6.3166667,33.706023,10.055543,3145.7789,0
6.3333333,33.873956,10.075963,3139.7991,0
6.35,34.042228,10.096336,3133.8071,0
6.3666667,34.210839,10.116663,3127.803,0
6.3833333,34.379788,10.136943,3121.7869,0
6.4,34.549075,10.157178,3115.7586,0
6.4166667,34.718697,10.177365,3109.7184,0
6.4333333,34.888656,10.197506,3103.6661,0
6.45,35.058949,10.217601,3097.6019,0
6.4666667,35.229577,10.237648,3091.5257,0
6.4833333,35.400537,10.257649,3085.4375,0
6.5,35.571831,10.277603,3079.3375,0
6.5166667,35.743456,10.29751,3073.2257,0
6.5333333,35.915412,10.317369,3067.1019,0
6.55,36.087698,10.337181,3060.9664,0
6.5666667,36.260314,10.356946,3054.8191,0
6.5833333,36.433259,10.376664,3048.66,0
6.6,36.606531,10.396334,3042.4893,0
6.6166667,36.78013,10.415956,3036.3068,0
6.6333333,36.954056,10.435531,3030.1126,0
6.65,37.128307,10.455058,3023.9068,0
6.6666667,37.302882,10.474537,3017.6894,0
6.6833333,37.477782,10.493968,3011.4604,0
6.7,37.653004,10.513351,3005.2199,0
6.7166667,37.828549,10.532686,2998.9678,0
6.7333333,38.004415,10.551973,2992.7042,0
6.75,38.180602,10.571211,2986.4292,0
6.7666667,38.357109,10.590401,2980.1427,0
6.7833333,38.533934,10.609542,2973.8448,0
6.8,38.711078,10.628635,2967.5356,0
6.8166667,38.88854,10.647679,2961.2149,0
6.8333333,39.066318,10.666675,2954.883,0
6.85,39.244411,10.685621,2948.5397,0
6.8666667,39.42282,10.704519,2942.1852,0
6.8833333,39.601543,10.723368,2935.8195,0
6.9,39.780579,10.742167,2929.4425,0
6.9166667,39.959928,10.760917,2923.0544,0
6.9333333,40.139588,10.779619,2916.6551,0
6.95,40.319559,10.79827,2910.2446,0
6.9666667,40.49984,10.816872,2903.8231,0
6.9833333,40.680431,10.835425,2897.3906,0
7,40.861329,10.853928,2890.947,0
7.0166667,41.042536,10.872382,2884.4924,0
7.0333333,41.224049,10.890785,2878.0268,0
7.05,41.405868,10.909139,2871.5503,0
7.0666667,41.587992,10.927443,2865.0628,0
7.0833333,41.77042,10.945697,2858.5645,0
7.1,41.953152,10.9639,2852.0553,0
7.1166667,42.136186,10.982054,2845.5353,0
7.1333333,42.319522,11.000157,2839.0045,0
7.15,42.503159,11.018209,2832.4629,0
7.1666667,42.687096,11.036212,2825.9106,0
7.1833333,42.871332,11.054163,2819.3476,0
7.2,43.055866,11.072065,2812.774,0
7.2166667,43.240698,11.089915,2806.1896,0
7.2333333,43.425827,11.107715,2799.5947,0
7.25,43.611251,11.125463,2792.9892,0
7.2666667,43.79697,11.143161,2786.3731,0
7.2833333,43.982984,11.160808,2779.7465,0
7.3,44.169291,11.178404,2773.1094,0
7.3166667,44.35589,11.195948,2766.4618,0
7.3333333,44.54278,11.213442,2759.8038,0
7.35,44.729962,11.230883,2753.1354,0
7.3666667,44.917433,11.248274,2746.4566,0
7.3833333,45.105193,11.265613,2739.7675,0
7.4,45.293242,11.2829,2733.0681,0
7.4166667,45.481577,11.300136,2726.3584,0
7.4333333,45.670199,11.31732,2719.6384,0
7.45,45.859107,11.334452,2712.9083,0
7.4666667,46.048299,11.351532,2706.1679,0
7.4833333,46.237775,11.368561,2699.4174,0
7.5,46.427534,11.385537,2692.6567,0
7.5166667,46.617575,11.402461,2685.886,0
7.5333333,46.807897,11.419333,2679.1052,0
7.55,46.9985,11.436152,2672.3143,0
7.5666667,47.189382,11.452919,2665.5135,0
7.5833333,47.380542,11.469634,2658.7027,0
7.6,47.57198,11.486296,2651.8819,0
7.6166667,47.763696,11.502906,2645.0513,0
7.6333333,47.955687,11.519463,2638.2107,0
7.65,48.147953,11.535967,2631.3603,0
7.6666667,48.340493,11.552418,2624.5001,0
7.6833333,48.533307,11.568817,2617.6302,0
7.7,48.726393,11.585162,2610.7504,0
7.7166667,48.91975,11.601455,2603.861,0
7.7333333,49.113379,11.617694,2596.9618,0
7.75,49.307277,11.63388,2590.053,0
7.7666667,49.501443,11.650013,2583.1346,0
7.7833333,49.695878,11.666093,2576.2066,0
7.8,49.89058,11.682119,2569.269,0
7.8166667,50.085548,11.698091,2562.3219,0
7.8333333,50.280782,11.71401,2555.3653,0
7.85,50.47628,11.729876,2548.3992,0
7.8666667,50.672041,11.745687,2541.4237,0
7.8833333,50.868065,11.761445,2534.4388,0
7.9,51.064351,11.777149,2527.4445,0
7.9166667,51.260898,11.792799,2520.4408,0
7.9333333,51.457705,11.808395,2513.4279,0
7.95,51.65477,11.823937,2506.4057,0
7.9666667,51.852094,11.839425,2499.3743,0
7.9833333,52.049675,11.854859,2492.3336,0
8,52.247512,11.870238,2485.2838,0
8.0166667,52.445605,11.885563,2478.2248,0
8.0333333,52.643952,11.900834,2471.1567,0
8.05,52.842553,11.91605,2464.0795,0
8.0666667,53.041406,11.931211,2456.9933,0
8.0833333,53.240512,11.946318,2449.898,0
8.1,53.439868,11.96137,2442.7938,0
8.1166667,53.639474,11.976368,2435.6806,0
8.1333333,53.839329,11.99131,2428.5585,0
8.15,54.039433,12.006198,2421.4275,0
8.1666667,54.239783,12.021031,2414.2877,0
8.1833333,54.44038,12.035808,2407.139,0
8.2,54.641222,12.050531,2399.9816,0
8.2166667,54.842309,12.065198,2392.8154,0
8.2333333,55.043639,12.07981,2385.6405,0
8.25,55.245212,12.094367,2378.4569,0
8.2666667,55.447026,12.108868,2371.2646,0
8.2833333,55.649081,12.123314,2364.0637,0
8.3,55.851376,12.137705,2356.8542,0
8.3166667,56.05391,12.152039,2349.6362,0
8.3333333,56.256682,12.166319,2342.4096,0
8.35,56.459691,12.180542,2335.1746,0
8.3666667,56.662937,12.19471,2327.931,0
8.3833333,56.866417,12.208822,2320.6791,0
8.4,57.070132,12.222878,2313.4188,0
8.4166667,57.27408,12.236878,2306.1501,0
8.4333333,57.47826,12.250822,2298.8731,0
8.45,57.682672,12.264709,2291.5877,0
8.4666667,57.887314,12.278541,2284.2942,0
8.4833333,58.092186,12.292316,2276.9924,0
8.5,58.297287,12.306036,2269.6824,0
8.5166667,58.502615,12.319698,2262.3643,0
8.5333333,58.70817,12.333305,2255.038,0
8.55,58.913951,12.346855,2247.7036,0
8.5666667,59.119957,12.360348,2240.3612,0
8.5833333,59.326186,12.373785,2233.0108,0
8.6,59.532639,12.387165,2225.6523,0
8.6166667,59.739314,12.400488,2218.2859,0
8.6333333,59.94621,12.413755,2210.9116,0
8.65,60.153326,12.426965,2203.5294,0
8.6666667,60.360661,12.440118,2196.1394,0
8.6833333,60.568215,12.453214,2188.7415,0
8.7,60.775986,12.466252,2181.3358,0
8.7166667,60.983973,12.479234,2173.9224,0
8.7333333,61.192176,12.492159,2166.5013,0
8.75,61.400593,12.505026,2159.0724,0
8.7666667,61.609223,12.517836,2151.636,0
8.7833333,61.818066,12.530589,2144.1919,0
8.8,62.027121,12.543285,2136.7402,0
8.8166667,62.236387,12.555923,2129.2809,0
8.8333333,62.445862,12.568503,2121.8142,0
8.85,62.655545,12.581026,2114.34,0
8.8666667,62.865437,12.593492,2106.8583,0
8.8833333,63.075535,12.605899,2099.3692,0
8.9,63.285839,12.618249,2091.8727,0
8.9166667,63.496348,12.630541,2084.3689,0
8.9333333,63.707061,12.642776,2076.8578,0
8.95,63.917977,12.654952,2069.3394,0
8.9666667,64.129095,12.667071,2061.8138,0
8.9833333,64.340414,12.679131,2054.2809,0
9,64.551933,12.691134,2046.7409,0
9.0166667,64.763651,12.703078,2039.1938,0
9.0333333,64.975567,12.714964,2031.6395,0
9.05,65.18768,12.726792,2024.0782,0
9.0666667,65.399989,12.738562,2016.5098,0
9.0833333,65.612494,12.750273,2008.9345,0
9.1,65.825193,12.761926,2001.3521,0
9.1166667,66.038085,12.77352,1993.7629,0
9.1333333,66.251169,12.785056,1986.1667,0
9.15,66.464445,12.796534,1978.5637,0
9.1666667,66.677911,12.807953,1970.9539,0
9.1833333,66.891566,12.819313,1963.3373,0
9.2,67.105409,12.830615,1955.7139,0
9.2166667,67.31944,12.841857,1948.0838,0
9.2333333,67.533658,12.853041,1940.447,0
9.25,67.74806,12.864166,1932.8036,0
9.2666667,67.962648,12.875232,1925.1535,0
9.2833333,68.177418,12.88624,1917.4969,0
9.3,68.392371,12.897188,1909.8337,0
9.3166667,68.607506,12.908077,1902.164,0
9.3333333,68.822821,12.918907,1894.4879,0
9.35,69.038316,12.929678,1886.8053,0
9.3666667,69.253989,12.94039,1879.1162,0
9.3833333,69.46984,12.951042,1871.4209,0
9.4,69.685867,12.961635,1863.7191,0
9.4166667,69.90207,12.972169,1856.0111,0
9.4333333,70.118447,12.982643,1848.2968,0
9.45,70.334998,12.993058,1840.5763,0
9.4666667,70.551722,13.003414,1832.8496,0
9.4833333,70.768617,13.01371,1825.1168,0
9.5,70.985683,13.023946,1817.3778,0
9.5166667,71.202918,13.034122,1809.6327,0
9.5333333,71.420322,13.044239,1801.8816,0
9.55,71.637893,13.054297,1794.1245,0
9.5666667,71.855632,13.064294,1786.3613,0
9.5833333,72.073536,13.074232,1778.5923,0
9.6,72.291604,13.084109,1770.8173,0
9.6166667,72.509836,13.093927,1763.0365,0
9.6333333,72.728231,13.103685,1755.2498,0
9.65,72.946787,13.113383,1747.4573,0
9.6666667,73.165504,13.123021,1739.659,0
9.6833333,73.384381,13.132598,1731.855,0
9.7,73.603416,13.142116,1724.0454,0
9.7166667,73.822609,13.151573,1716.23,0
9.7333333,74.041959,13.160971,1708.409,0
9.75,74.261464,13.170308,1700.5825,0
9.7666667,74.481124,13.179584,1692.7504,0
9.7833333,74.700937,13.1888,1684.9128,0
9.8,74.920903,13.197956,1677.0696,0
9.8166667,75.14102,13.207052,1669.2211,0
9.8333333,75.361288,13.216087,1661.3671,0
9.85,75.581706,13.225061,1653.5078,0
9.8666667,75.802272,13.233975,1645.6431,0
9.8833333,76.022986,13.242828,1637.7732,0
9.9,76.243847,13.251621,1629.8979,0
9.9166667,76.464852,13.260353,1622.0175,0
9.9333333,76.686003,13.269024,1614.1318,0
9.95,76.907297,13.277634,1606.241,0
9.9666667,77.128733,13.286184,1598.3451,0
9.9833333,77.350311,13.294673,1590.444,0
10,77.572029,13.303101,1582.538,0
10.016667,77.793887,13.311468,1574.6269,0
10.033333,78.015883,13.319774,1566.7109,0
10.05,78.238017,13.328019,1558.7899,0
10.066667,78.460287,13.336203,1550.864,0
10.083333,78.682692,13.344326,1542.9332,0
10.1,78.905232,13.352388,1534.9976,0
10.116667,79.127905,13.360388,1527.0572,0
10.133333,79.350711,13.368328,1519.1121,0
10.15,79.573648,13.376206,1511.1622,0
10.166667,79.796715,13.384023,1503.2077,0
10.183333,80.019911,13.391779,1495.2485,0
10.2,80.243236,13.399474,1487.2846,0
10.216667,80.466687,13.407107,1479.3163,0
10.233333,80.690265,13.414678,1471.3433,0
10.25,80.913968,13.422189,1463.3659,0
10.266667,81.137796,13.429637,1455.384,0
10.283333,81.361746,13.437025,1447.3977,0
10.3,81.585819,13.444351,1439.4069,0
10.316667,81.810012,13.451615,1431.4119,0
10.333333,82.034326,13.458817,1423.4125,0
10.35,82.258759,13.465958,1415.4088,0
10.366667,82.483309,13.473038,1407.4009,0
10.383333,82.707977,13.480055,1399.3887,0
10.4,82.93276,13.487011,1391.3724,0
10.416667,83.157659,13.493905,1383.352,0
10.433333,83.382671,13.500738,1375.3274,0
10.45,83.607796,13.507508,1367.2988,0
10.466667,83.833033,13.514217,1359.2662,0
10.483333,84.058381,13.520864,1351.2296,0
10.5,84.283838,13.527449,1343.189,0
10.516667,84.509404,13.533971,1335.1445,0
10.533333,84.735078,13.540432,1327.0961,0
10.55,84.960859,13.546831,1319.0439,0
10.566667,85.186745,13.553168,1310.9879,0
10.583333,85.412736,13.559443,1302.9281,0
10.6,85.63883,13.565656,1294.8646,0
10.616667,85.865027,13.571807,1286.7974,0
10.633333,86.091325,13.577895,1278.7265,0
10.65,86.317724,13.583921,1270.652,0
10.666667,86.544222,13.589885,1262.5739,0
10.683333,86.770818,13.595787,1254.4923,0
10.7,86.997512,13.601627,1246.4072,0
10.716667,87.224302,13.607404,1238.3186,0
10.733333,87.451187,13.613119,1230.2265,0
10.75,87.678167,13.618772,1222.1311,0
10.766667,87.90524,13.624362,1214.0323,0
10.783333,88.132404,13.62989,1205.9302,0
10.8,88.35966,13.635356,1197.8248,0
10.816667,88.587006,13.640759,1189.7161,0
10.833333,88.814441,13.646099,1181.6042,0
10.85,89.041964,13.651378,1173.4892,0
10.866667,89.269574,13.656593,1165.371,0
10.883333,89.49727,13.661746,1157.2497,0
10.9,89.725051,13.666837,1149.1253,0
10.916667,89.952915,13.671865,1140.9979,0
10.933333,90.180862,13.67683,1132.8676,0
10.95,90.408891,13.681733,1124.7342,0
10.966667,90.637001,13.686573,1116.598,0
10.983333,90.86519,13.69135,1108.4589,0
11,91.093458,13.696065,1100.3169,0
11.016667,91.321803,13.700717,1092.1722,0
11.033333,91.550225,13.705306,1084.0246,0
11.05,91.778722,13.709832,1075.8744,0
11.066667,92.007293,13.714296,1067.7214,0
11.083333,92.235938,13.718697,1059.5658,0
11.1,92.464656,13.723035,1051.4076,0
11.116667,92.693444,13.72731,1043.2468,0
11.133333,92.922303,13.731523,1035.0834,0
11.15,93.151231,13.735672,1026.9176,0
11.166667,93.380227,13.739759,1018.7493,0
11.183333,93.60929,13.743782,1010.5785,0
11.2,93.838419,13.747743,1002.4054,0
11.216667,94.067613,13.751641,994.22986,0
11.233333,94.296871,13.755476,986.05205,0
11.25,94.526191,13.759248,977.87195,0
11.266667,94.755574,13.762956,969.68961,0
11.283333,94.985017,13.766602,961.50507,0
11.3,95.214521,13.770185,953.31836,0
11.316667,95.444082,13.773705,945.12951,0
11.333333,95.673702,13.777161,936.93858,0
11.35,95.903378,13.780555,928.74559,0
11.366667,96.133109,13.783885,920.55058,0
11.383333,96.362895,13.787152,912.35359,0
11.4,96.592734,13.790357,904.15465,0
11.416667,96.822626,13.793498,895.95382,0
11.433333,97.052569,13.796575,887.75111,0
11.45,97.282562,13.79959,879.54657,0
11.466667,97.512604,13.802542,871.34024,0
11.483333,97.742695,13.80543,863.13216,0
11.5,97.972832,13.808255,854.92235,0
11.516667,98.203016,13.811017,846.71087,0
11.533333,98.433245,13.813715,838.49775,0
11.55,98.663517,13.816351,830.28302,0
11.566667,98.893832,13.818923,822.06672,0
11.583333,99.12419,13.821432,813.84889,0
11.6,99.354588,13.823877,805.62958,0
11.616667,99.585025,13.826259,797.4088,0
11.633333,99.815501,13.828578,789.18661,0
11.65,100.04602,13.830834,780.96305,0
11.666667,100.27653,13.830834,0,621.32186
11.683333,100.50704,13.830834,0,629.54677
11.7,100.73756,13.830834,0,637.77168
11.716667,100.96807,13.830834,0,645.99659
11.733333,101.19858,13.830834,0,654.2215
11.75,101.4291,13.830834,0,662.44641
11.766667,101.65961,13.830834,0,670.67132
11.783333,101.89013,13.830834,0,678.89623
11.8,102.12064,13.830775,0,687.12114
11.816667,102.35115,13.830652,0,695.34602
11.833333,102.58166,13.830467,0,703.57082
11.85,102.81216,13.830218,0,711.79551
11.866667,103.04266,13.829905,0,720.02005
11.883333,103.27315,13.82953,0,728.24441
11.9,103.50364,13.829091,0,736.46854
11.916667,103.73411,13.828588,0,744.69242
11.933333,103.96458,13.828023,0,752.91599
11.95,104.19504,13.827394,0,761.13923
11.966667,104.42548,13.826701,0,769.36209
11.983333,104.65591,13.825946,0,777.58454
12,104.88633,13.825127,0,785.80655
12.016667,105.11674,13.824245,0,794.02806
12.033333,105.34713,13.823299,0,802.24905
12.05,105.5775,13.82229,0,810.46948
12.066667,105.80785,13.821218,0,818.68931
12.083333,106.03819,13.820083,0,826.9085
12.1,106.2685,13.818884,0,835.12702
12.116667,106.49879,13.817622,0,843.34482
12.133333,106.72907,13.816297,0,851.56188
12.15,106.95931,13.814908,0,859.77814
12.166667,107.18954,13.813456,0,867.99358
12.183333,107.41974,13.811941,0,876.20815
12.2,107.64991,13.810363,0,884.42183
12.216667,107.88006,13.808721,0,892.63457
12.233333,108.11017,13.807017,0,900.84633
12.25,108.34026,13.805249,0,909.05707
12.266667,108.57032,13.803418,0,917.26677
12.283333,108.80034,13.801523,0,925.47537
12.3,109.03034,13.799565,0,933.68285
12.316667,109.26029,13.797545,0,941.88917
12.333333,109.49022,13.795461,0,950.09428
12.35,109.72011,13.793314,0,958.29815
12.366667,109.94996,13.791103,0,966.50075
12.383333,110.17977,13.78883,0,974.70203
12.4,110.40955,13.786493,0,982.90196
12.416667,110.63928,13.784093,0,991.10051
12.433333,110.86898,13.78163,0,999.29762
12.45,111.09863,13.779104,0,1007.4933
12.466667,111.32824,13.776515,0,1015.6874
12.483333,111.5578,13.773863,0,1023.88
12.5,111.78732,13.771148,0,1032.0711
12.516667,112.01679,13.76837,0,1040.2605
12.533333,112.24622,13.765528,0,1048.4482
12.55,112.4756,13.762624,0,1056.6343
12.566667,112.70492,13.759657,0,1064.8187
12.583333,112.9342,13.756626,0,1073.0012
12.6,113.16343,13.753533,0,1081.182
12.616667,113.3926,13.750376,0,1089.361
12.633333,113.62172,13.747157,0,1097.538
12.65,113.85078,13.743875,0,1105.7132
12.666667,114.07979,13.740529,0,1113.8864
12.683333,114.30874,13.737121,0,1122.0576
12.7,114.53764,13.73365,0,1130.2268
12.716667,114.76647,13.730116,0,1138.3939
12.733333,114.99525,13.726519,0,1146.5589
12.75,115.22396,13.72286,0,1154.7218
12.766667,115.45261,13.719137,0,1162.8825
12.783333,115.6812,13.715352,0,1171.0409
12.8,115.90973,13.711504,0,1179.1972
12.816667,116.13819,13.707593,0,1187.3511
12.833333,116.36658,13.703619,0,1195.5027
12.85,116.59491,13.699583,0,1203.652
12.866667,116.82317,13.695483,0,1211.7989
12.883333,117.05136,13.691321,0,1219.9433
12.9,117.27947,13.687097,0,1228.0852
12.916667,117.50752,13.68281,0,1236.2247
12.933333,117.7355,13.67846,0,1244.3615
12.95,117.9634,13.674047,0,1252.4958
12.966667,118.19122,13.669572,0,1260.6275
12.983333,118.41897,13.665034,0,1268.7565
13,118.64665,13.660434,0,1276.8828
13.016667,118.87424,13.655771,0,1285.0064
13.033333,119.10176,13.651045,0,1293.1272
13.05,119.3292,13.646257,0,1301.2452
13.066667,119.55655,13.641407,0,1309.3604
13.083333,119.78383,13.636494,0,1317.4726
13.1,120.01102,13.631519,0,1325.582
13.116667,120.23813,13.626481,0,1333.6883
13.133333,120.46515,13.621381,0,1341.7917
13.15,120.69209,13.616218,0,1349.8921
13.166667,120.91894,13.610993,0,1357.9894
13.183333,121.1457,13.605706,0,1366.0835
13.2,121.37237,13.600356,0,1374.1746
13.216667,121.59896,13.594945,0,1382.2624
13.233333,121.82545,13.589471,0,1390.347
13.25,122.05185,13.583934,0,1398.4284
13.266667,122.27815,13.578336,0,1406.5065
13.283333,122.50436,13.572675,0,1414.5813
13.3,122.73048,13.566952,0,1422.6526
13.316667,122.9565,13.561167,0,1430.7206
13.333333,123.18242,13.55532,0,1438.7852
13.35,123.40824,13.549411,0,1446.8462
13.366667,123.63397,13.54344,0,1454.9038
13.383333,123.85959,13.537407,0,1462.9578
13.4,124.08511,13.531311,0,1471.0082
13.416667,124.31053,13.525154,0,1479.055
13.433333,124.53585,13.518935,0,1487.0981
13.45,124.76106,13.512654,0,1495.1376
13.466667,124.98616,13.506311,0,1503.1733
13.483333,125.21116,13.499907,0,1511.2052
13.5,125.43605,13.49344,0,1519.2333
13.516667,125.66084,13.486912,0,1527.2576
13.533333,125.88551,13.480322,0,1535.2779
13.55,126.11007,13.47367,0,1543.2944
13.566667,126.33452,13.466956,0,1551.3069
13.583333,126.55885,13.460181,0,1559.3154
13.6,126.78308,13.453344,0,1567.3199
13.616667,127.00718,13.446446,0,1575.3204
13.633333,127.23118,13.439486,0,1583.3167
13.65,127.45505,13.432464,0,1591.3089
13.666667,127.67881,13.425381,0,1599.2969
13.683333,127.90244,13.418237,0,1607.2807
13.7,128.12596,13.411031,0,1615.2602
13.716667,128.34936,13.403763,0,1623.2355
13.733333,128.57263,13.396435,0,1631.2064
13.75,128.79578,13.389044,0,1639.173
13.766667,129.01881,13.381593,0,1647.1352
13.783333,129.24171,13.37408,0,1655.0929
13.8,129.46448,13.366506,0,1663.0462
13.816667,129.68713,13.358871,0,1670.995
13.833333,129.90965,13.351175,0,1678.9393
13.85,130.13204,13.343417,0,1686.8789
13.866667,130.3543,13.335599,0,1694.814
13.883333,130.57643,13.327719,0,1702.7444
13.9,130.79843,13.319779,0,1710.6701
13.916667,131.02029,13.311777,0,1718.5911
13.933333,131.24202,13.303714,0,1726.5073
13.95,131.46361,13.295591,0,1734.4188
13.966667,131.68507,13.287406,0,1742.3254
13.983333,131.90639,13.279161,0,1750.2271
14,132.12757,13.270855,0,1758.124
14.016667,132.34861,13.262488,0,1766.0159
14.033333,132.56951,13.254061,0,1773.9028
14.05,132.79027,13.245572,0,1781.7847
14.066667,133.01089,13.237023,0,1789.6616
14.083333,133.23136,13.228414,0,1797.5334
14.1,133.45169,13.219744,0,1805.4
14.116667,133.67187,13.211013,0,1813.2615
14.133333,133.89191,13.202222,0,1821.1178
14.15,134.1118,13.19337,0,1828.9689
14.166667,134.33154,13.184458,0,1836.8148
14.183333,134.55113,13.175486,0,1844.6553
14.2,134.77057,13.166453,0,1852.4905
14.216667,134.98986,13.15736,0,1860.3203
14.233333,135.209,13.148207,0,1868.1447
14.25,135.42798,13.138993,0,1875.9637
14.266667,135.64681,13.12972,0,1883.7771
14.283333,135.86548,13.120386,0,1891.5851
14.3,136.084,13.110992,0,1899.3875
14.316667,136.30236,13.101538,0,1907.1844
14.333333,136.52056,13.092024,0,1914.9756
14.35,136.7386,13.082451,0,1922.7611
14.366667,136.95648,13.072817,0,1930.541
14.383333,137.1742,13.063123,0,1938.3151
14.4,137.39176,13.05337,0,1946.0835
14.416667,137.60915,13.043557,0,1953.8461
14.433333,137.82638,13.033684,0,1961.6028
14.45,138.04344,13.023751,0,1969.3537
14.466667,138.26034,13.013759,0,1977.0986
14.483333,138.47706,13.003707,0,1984.8376
14.5,138.69362,12.993596,0,1992.5707
14.516667,138.91001,12.983425,0,2000.2977
14.533333,139.12623,12.973194,0,2008.0187
14.55,139.34228,12.962905,0,2015.7335
14.566667,139.55816,12.952556,0,2023.4423
14.583333,139.77386,12.942147,0,2031.1449
14.6,139.98939,12.931679,0,2038.8414
14.616667,140.20474,12.921153,0,2046.5316
14.633333,140.41992,12.910567,0,2054.2155
14.65,140.63492,12.899921,0,2061.8931
14.666667,140.84974,12.889217,0,2069.5645
14.683333,141.06438,12.878454,0,2077.2294
14.7,141.27884,12.867632,0,2084.888
14.716667,141.49312,12.85675,0,2092.5401
14.733333,141.70721,12.84581,0,2100.1857
14.75,141.92113,12.834811,0,2107.8249
14.766667,142.13486,12.823754,0,2115.4575
14.783333,142.3484,12.812637,0,2123.0835
14.8,142.56176,12.801462,0,2130.7029
14.816667,142.77493,12.790229,0,2138.3156
14.833333,142.98791,12.778936,0,2145.9217
14.85,143.2007,12.767586,0,2153.5211
14.866667,143.41331,12.756176,0,2161.1137
14.883333,143.62572,12.744709,0,2168.6995
14.9,143.83794,12.733183,0,2176.2786
14.916667,144.04997,12.721599,0,2183.8507
14.933333,144.2618,12.709956,0,2191.416
14.95,144.47344,12.698255,0,2198.9743
14.966667,144.68488,12.686496,0,2206.5257
14.983333,144.89612,12.674679,0,2214.0701
15,145.10717,12.662804,0,2221.6075
15.016667,145.31802,12.650871,0,2229.1378
15.033333,145.52866,12.63888,0,2236.661
15.05,145.73911,12.626831,0,2244.1771
15.066667,145.94936,12.614725,0,2251.686
15.083333,146.1594,12.60256,0,2259.1877
15.1,146.36924,12.590338,0,2266.6822
15.116667,146.57887,12.578058,0,2274.1694
15.133333,146.7883,12.565721,0,2281.6493
15.15,146.99752,12.553326,0,2289.1219
15.166667,147.20654,12.540874,0,2296.5871
15.183333,147.41534,12.528364,0,2304.0449
15.2,147.62394,12.515797,0,2311.4953
15.216667,147.83233,12.503172,0,2318.9381
15.233333,148.0405,12.49049,0,2326.3735
15.25,148.24846,12.477751,0,2333.8013
15.266667,148.45621,12.464955,0,2341.2216
15.283333,148.66375,12.452102,0,2348.6343
15.3,148.87107,12.439192,0,2356.0393
15.316667,149.07817,12.426225,0,2363.4366
15.333333,149.28506,12.413201,0,2370.8262
15.35,149.49173,12.40012,0,2378.2081
15.366667,149.69818,12.386982,0,2385.5822
15.383333,149.90441,12.373788,0,2392.9485
15.4,150.11042,12.360537,0,2400.3069
15.416667,150.3162,12.347229,0,2407.6574
15.433333,150.52177,12.333865,0,2415.0001
15.45,150.72711,12.320444,0,2422.3348
15.466667,150.93222,12.306967,0,2429.6615
15.483333,151.13712,12.293433,0,2436.9802
15.5,151.34178,12.279844,0,2444.2908
15.516667,151.54622,12.266198,0,2451.5934
15.533333,151.75042,12.252495,0,2458.8879
15.55,151.9544,12.238737,0,2466.1742
15.566667,152.15815,12.224923,0,2473.4523
15.583333,152.36167,12.211052,0,2480.7222
15.6,152.56496,12.197126,0,2487.9839
15.616667,152.76801,12.183144,0,2495.2372
15.633333,152.97083,12.169106,0,2502.4823
15.65,153.17341,12.155013,0,2509.719
15.666667,153.37576,12.140863,0,2516.9473
15.683333,153.57787,12.126659,0,2524.1673
15.7,153.77974,12.112398,0,2531.3787
15.716667,153.98138,12.098082,0,2538.5817
15.733333,154.18277,12.083711,0,2545.7762
15.75,154.38393,12.069285,0,2552.9621
15.766667,154.58484,12.054803,0,2560.1395
15.783333,154.78551,12.040266,0,2567.3082
15.8,154.98594,12.025673,0,2574.4683
15.816667,155.18612,12.011026,0,2581.6197
15.833333,155.38606,11.996324,0,2588.7625
15.85,155.58575,11.981567,0,2595.8964
15.866667,155.7852,11.966755,0,2603.0216
15.883333,155.9844,11.951888,0,2610.138
15.9,156.18335,11.936966,0,2617.2455
15.916667,156.38205,11.92199,0,2624.3442
15.933333,156.5805,11.906959,0,2631.434
15.95,156.77869,11.891874,0,2638.5148
15.966667,156.97664,11.876734,0,2645.5866
15.983333,157.17433,11.86154,0,2652.6495
16,157.37177,11.846291,0,2659.7033
16.016667,157.56895,11.830989,0,2666.748
16.033333,157.76588,11.815632,0,2673.7837
16.05,157.96255,11.800221,0,2680.8102
16.066667,158.15896,11.784756,0,2687.8275
16.083333,158.35512,11.769236,0,2694.8357
16.1,158.55101,11.753664,0,2701.8346
16.116667,158.74665,11.738037,0,2708.8243
16.133333,158.94202,11.722356,0,2715.8046
16.15,159.13713,11.706622,0,2722.7757
16.166667,159.33198,11.690834,0,2729.7373
16.183333,159.52656,11.674993,0,2736.6896
16.2,159.72088,11.659098,0,2743.6325
16.216667,159.91493,11.64315,0,2750.5659
16.233333,160.10872,11.627148,0,2757.4899
16.25,160.30223,11.611094,0,2764.4043
16.266667,160.49548,11.594986,0,2771.3092
16.283333,160.68846,11.578825,0,2778.2045
16.3,160.88117,11.562611,0,2785.0902
16.316667,161.07361,11.546344,0,2791.9662
16.333333,161.26578,11.530024,0,2798.8326
16.35,161.45767,11.513651,0,2805.6893
16.366667,161.6493,11.497226,0,2812.5362
16.383333,161.84064,11.480748,0,2819.3733
16.4,162.03171,11.464217,0,2826.2007
16.416667,162.22251,11.447634,0,2833.0182
16.433333,162.41302,11.430999,0,2839.8259
16.45,162.60326,11.414311,0,2846.6237
16.466667,162.79322,11.397571,0,2853.4115
16.483333,162.9829,11.380778,0,2860.1894
16.5,163.1723,11.363934,0,2866.9573
16.516667,163.36142,11.347037,0,2873.7152
16.533333,163.55025,11.330089,0,2880.4631
16.55,163.7388,11.313089,0,2887.2009
16.566667,163.92707,11.296036,0,2893.9285
16.583333,164.11505,11.278933,0,2900.646
16.6,164.30275,11.261777,0,2907.3534
16.616667,164.49016,11.24457,0,2914.0505
16.633333,164.67728,11.227312,0,2920.7374
16.65,164.86411,11.210002,0,2927.4141
16.666667,165.05066,11.19264,0,2934.0804
16.683333,165.23691,11.175228,0,2940.7365
16.7,165.42287,11.157764,0,2947.3822
16.716667,165.60854,11.140249,0,2954.0174
16.733333,165.79392,11.122683,0,2960.6423
16.75,165.97901,11.105066,0,2967.2567
16.766667,166.1638,11.087399,0,2973.8607
16.783333,166.34829,11.06968,0,2980.4541
16.8,166.53249,11.051911,0,2987.0371
16.816667,166.71639,11.034092,0,2993.6094
16.833333,166.89999,11.016221,0,3000.1711
16.85,167.0833,10.998301,0,3006.7223
16.866667,167.26631,10.98033,0,3013.2627
16.883333,167.44901,10.962308,0,3019.7925
16.9,167.63141,10.944237,0,3026.3116
16.916667,167.81352,10.926115,0,3032.8199
16.933333,167.99532,10.907944,0,3039.3174
16.95,168.17681,10.889722,0,3045.8041
16.966667,168.358,10.871451,0,3052.28
16.983333,168.53889,10.853129,0,3058.745
17,168.71947,10.834758,0,3065.1992
17.016667,168.89974,10.816338,0,3071.6424
17.033333,169.0797,10.797868,0,3078.0746
17.05,169.25936,10.779348,0,3084.4959
17.066667,169.43871,10.760779,0,3090.9061
17.083333,169.61774,10.742161,0,3097.3054
17.1,169.79647,10.723494,0,3103.6935
17.116667,169.97488,10.704777,0,3110.0705
17.133333,170.15298,10.686012,0,3116.4364
17.15,170.33077,10.667197,0,3122.7912
17.166667,170.50824,10.648334,0,3129.1348
17.183333,170.6854,10.629422,0,3135.4671
17.2,170.86224,10.610461,0,3141.7882
17.216667,171.03876,10.591452,0,3148.098
17.233333,171.21497,10.572394,0,3154.3965
17.25,171.39086,10.553288,0,3160.6837
17.266667,171.56642,10.534133,0,3166.9595
17.283333,171.74167,10.51493,0,3173.224
17.3,171.9166,10.495679,0,3179.477
17.316667,172.09121,10.47638,0,3185.7185
17.333333,172.26549,10.457034,0,3191.9486
17.35,172.43945,10.437639,0,3198.1672
17.366667,172.61309,10.418196,0,3204.3743
17.383333,172.7864,10.398706,0,3210.5697
17.4,172.95939,10.379168,0,3216.7536
17.416667,173.13205,10.359582,0,3222.9259
17.433333,173.30438,10.339949,0,3229.0865
17.45,173.47638,10.320269,0,3235.2355
17.466667,173.64806,10.300541,0,3241.3727
17.483333,173.8194,10.280767,0,3247.4983
17.5,173.99042,10.260945,0,3253.612
17.516667,174.16111,10.241076,0,3259.714
17.533333,174.33146,10.22116,0,3265.8041
17.55,174.50148,10.201198,0,3271.8825
17.566667,174.67116,10.181189,0,3277.9489
17.583333,174.84052,10.161133,0,3284.0034
17.6,175.00953,10.14103,0,3290.0461
17.616667,175.17821,10.120882,0,3296.0767
17.633333,175.34656,10.100687,0,3302.0954
17.65,175.51457,10.080445,0,3308.1021
17.666667,175.68224,10.060158,0,3314.0967
17.683333,175.84957,10.039824,0,3320.0793
17.7,176.01656,10.019444,0,3326.0497
17.716667,176.18321,9.9990189,0,3332.0081
17.733333,176.34952,9.9785477,0,3337.9543
17.75,176.51548,9.9580307,0,3343.8883
17.766667,176.68111,9.9374682,0,3349.8102
17.783333,176.84639,9.9168601,0,3355.7198
17.8,177.01133,9.8962066,0,3361.6171
17.816667,177.17592,9.8755078,0,3367.5022
17.833333,177.34016,9.8547638,0,3373.375
17.85,177.50406,9.8339747,0,3379.2354
17.866667,177.66762,9.8131405,0,3385.0834
17.883333,177.83082,9.7922614,0,3390.9191
17.9,177.99368,9.7713375,0,3396.7424
17.916667,178.15618,9.7503688,0,3402.5532
17.933333,178.31834,9.7293554,0,3408.3515
17.95,178.48014,9.7082975,0,3414.1374
17.966667,178.6416,9.6871952,0,3419.9107
17.983333,178.8027,9.6660485,0,3425.6715
18,178.96344,9.6448575,0,3431.4197
18.016667,179.12384,9.6236223,0,3437.1553
18.033333,179.28388,9.6023431,0,3442.8782
18.05,179.44356,9.58102,0,3448.5885
18.066667,179.60289,9.5596529,0,3454.2862
18.083333,179.76186,9.5382421,0,3459.9711
18.1,179.92047,9.5167876,0,3465.6433
18.116667,180.07873,9.4952895,0,3471.3027
18.133333,180.23662,9.4737479,0,3476.9494
18.15,180.39416,9.452163,0,3482.5832
18.166667,180.55133,9.4305347,0,3488.2042
18.183333,180.70815,9.4088633,0,3493.8124
18.2,180.8646,9.3871488,0,3499.4076
18.216667,181.02069,9.3653913,0,3504.99
18.233333,181.17642,9.3435909,0,3510.5594
18.25,181.33178,9.3217478,0,3516.1158
18.266667,181.48678,9.2998619,0,3521.6593
18.283333,181.64141,9.2779335,0,3527.1897
18.3,181.79568,9.2559626,0,3532.7071
18.316667,181.94958,9.2339493,0,3538.2114
18.333333,182.10311,9.2118937,0,3543.7027
18.35,182.25627,9.1897959,0,3549.1808
18.366667,182.40906,9.1676561,0,3554.6458
18.383333,182.56149,9.1454742,0,3560.0976
18.4,182.71354,9.1232505,0,3565.5362
18.416667,182.86523,9.100985,0,3570.9616
18.433333,183.01654,9.0786778,0,3576.3738
18.45,183.16748,9.0563291,0,3581.7727
18.466667,183.31804,9.0339389,0,3587.1583
18.483333,183.46823,9.0115073,0,3592.5306
18.5,183.61805,8.9890345,0,3597.8895
18.516667,183.76749,8.9665205,0,3603.2351
18.533333,183.91656,8.9439654,0,3608.5673
18.55,184.06525,8.9213694,0,3613.8861
18.566667,184.21356,8.8987325,0,3619.1915
18.583333,184.3615,8.8760549,0,3624.4834
18.6,184.50905,8.8533366,0,3629.7618
18.616667,184.65623,8.8305778,0,3635.0267
18.633333,184.80302,8.8077785,0,3640.278
18.65,184.94944,8.784939,0,3645.5158
18.666667,185.09547,8.7620591,0,3650.74
18.683333,185.24113,8.7391392,0,3655.9507
18.7,185.3864,8.7161793,0,3661.1476
18.716667,185.53128,8.6931794,0,3666.331
18.733333,185.67578,8.6701397,0,3671.5006
18.75,185.8199,8.6470603,0,3676.6566
18.766667,185.96363,8.6239414,0,3681.7988
18.783333,186.10698,8.6007829,0,3686.9273
18.8,186.24994,8.5775851,0,3692.042
18.816667,186.39251,8.5543479,0,3697.1429
18.833333,186.5347,8.5310716,0,3702.23
18.85,186.67649,8.5077563,0,3707.3033
18.866667,186.8179,8.4844019,0,3712.3626
18.883333,186.95892,8.4610088,0,3717.4081
18.9,187.09954,8.4375768,0,3722.4397
18.916667,187.23978,8.4141063,0,3727.4574
18.933333,187.37962,8.3905972,0,3732.4611
18.95,187.51907,8.3670497,0,3737.4508
18.966667,187.65813,8.3434639,0,3742.4265
18.983333,187.79679,8.3198398,0,3747.3882
19,187.93506,8.2961777,0,3752.3358
19.016667,188.07294,8.2724776,0,3757.2694
19.033333,188.21042,8.2487396,0,3762.1888
19.05,188.3475,8.2249638,0,3767.0942
19.066667,188.48419,8.2011504,0,3771.9854
19.083333,188.62047,8.1772994,0,3776.8625
19.1,188.75636,8.1534109,0,3781.7253
19.116667,188.89186,8.1294852,0,3786.574
19.133333,189.02695,8.1055222,0,3791.4084
19.15,189.16164,8.081522,0,3796.2286
19.166667,189.29593,8.0574849,0,3801.0345
19.183333,189.42982,8.0334109,0,3805.8262
19.2,189.56331,8.0093001,0,3810.6035
19.216667,189.6964,7.9851526,0,3815.3664
19.233333,189.82908,7.9609686,0,3820.115
19.25,189.96136,7.936748,0,3824.8493
19.266667,190.09323,7.9124912,0,3829.5691
19.283333,190.2247,7.8881981,0,3834.2745
19.3,190.35577,7.8638689,0,3838.9654
19.316667,190.48643,7.8395037,0,3843.6419
19.333333,190.61668,7.8151026,0,3848.3039
19.35,190.74652,7.7906657,0,3852.9514
19.366667,190.87596,7.7661931,0,3857.5843
19.383333,191.00499,7.741685,0,3862.2027
19.4,191.13361,7.7171414,0,3866.8065
19.416667,191.26181,7.6925624,0,3871.3957
19.433333,191.38961,7.6679483,0,3875.9704
19.45,191.517,7.643299,0,3880.5303
19.466667,191.64398,7.6186148,0,3885.0756
19.483333,191.77054,7.5938956,0,3889.6063
19.5,191.8967,7.5691417,0,3894.1222
19.516667,192.02244,7.5443531,0,3898.6234
19.533333,192.14776,7.5195299,0,3903.1099
19.55,192.27267,7.4946724,0,3907.5816
19.566667,192.39717,7.4697805,0,3912.0385
19.583333,192.52125,7.4448544,0,3916.4806
19.6,192.64491,7.4198942,0,3920.9079
19.616667,192.76816,7.3949,0,3925.3204
19.633333,192.89099,7.369872,0,3929.718
19.65,193.01341,7.3448102,0,3934.1007
19.666667,193.1354,7.3197148,0,3938.4685
19.683333,193.25698,7.2945859,0,3942.8214
19.7,193.37814,7.2694236,0,3947.1593
19.716667,193.49887,7.2442279,0,3951.4823
19.733333,193.61919,7.2189991,0,3955.7903
19.75,193.73909,7.1937373,0,3960.0833
19.766667,193.85856,7.1684425,0,3964.3612
19.783333,193.97761,7.1431149,0,3968.6242
19.8,194.09624,7.1177546,0,3972.872
19.816667,194.21445,7.0923616,0,3977.1048
19.833333,194.33223,7.0669362,0,3981.3225
19.85,194.44959,7.0414785,0,3985.5251
19.866667,194.56652,7.0159885,0,3989.7125
19.883333,194.68303,6.9904663,0,3993.8847
19.9,194.79911,6.9649122,0,3998.0418
19.916667,194.91477,6.9393262,0,4002.1837
19.933333,195.02999,6.9137083,0,4006.3104
19.95,195.14479,6.8880589,0,4010.4218
19.966667,195.25917,6.8623779,0,4014.518
19.983333,195.37311,6.8366654,0,4018.5989
20,195.48663,6.8109217,0,4022.6645
20.016667,195.59971,6.7851467,0,4026.7149
20.033333,195.71237,6.7593407,0,4030.7498
20.05,195.82459,6.7335038,0,4034.7695
20.066667,195.93639,6.707636,0,4038.7738
20.083333,196.04775,6.6817375,0,4042.7627
20.1,196.15868,6.6558084,0,4046.7361
20.116667,196.26918,6.6298488,0,4050.6942
20.133333,196.37924,6.6038588,0,4054.6368
20.15,196.48887,6.5778387,0,4058.564
20.166667,196.59807,6.5517884,0,4062.4757
20.183333,196.70683,6.5257081,0,4066.3719
20.2,196.81516,6.4995979,0,4070.2526
20.216667,196.92305,6.4734579,0,4074.1178
20.233333,197.0305,6.4472883,0,4077.9675
20.25,197.13752,6.4210892,0,4081.8015
20.266667,197.2441,6.3948607,0,4085.62
20.283333,197.35025,6.3686029,0,4089.4229
20.3,197.45595,6.3423159,0,4093.2102
20.316667,197.56122,6.3159999,0,4096.9818
20.333333,197.66605,6.289655,0,4100.7378
20.35,197.77043,6.2632812,0,4104.4781
20.366667,197.87438,6.2368788,0,4108.2028
20.383333,197.97789,6.2104478,0,4111.9117
20.4,198.08096,6.1839884,0,4115.605
20.416667,198.18358,6.1575007,0,4119.2824
20.433333,198.28576,6.1309847,0,4122.9442
20.45,198.3875,6.1044407,0,4126.5901
20.466667,198.4888,6.0778688,0,4130.2203
20.483333,198.58966,6.051269,0,4133.8347
20.5,198.69007,6.0246415,0,4137.4333
20.516667,198.79003,5.9979864,0,4141.016
20.533333,198.88956,5.9713038,0,4144.5829
20.55,198.98863,5.9445939,0,4148.1339
20.566667,199.08726,5.9178568,0,4151.669
20.583333,199.18545,5.8910926,0,4155.1882
20.6,199.28319,5.8643014,0,4158.6916
20.616667,199.38048,5.8374834,0,4162.1789
20.633333,199.47732,5.8106386,0,4165.6504
20.65,199.57372,5.7837672,0,4169.1058
20.666667,199.66967,5.7568693,0,4172.5453
20.683333,199.76516,5.7299451,0,4175.9688
20.7,199.86021,5.7029946,0,4179.3763
20.716667,199.95481,5.676018,0,4182.7677
20.733333,200.04896,5.6490154,0,4186.1432
20.75,200.14266,5.621987,0,4189.5025
20.766667,200.23591,5.5949328,0,4192.8458
20.783333,200.32871,5.567853,0,4196.173
20.8,200.42106,5.5407477,0,4199.4841
20.816667,200.51295,5.513617,0,4202.779
20.833333,200.60439,5.486461,0,4206.0579
20.85,200.69538,5.45928,0,4209.3205
20.866667,200.78591,5.4320739,0,4212.5671
20.883333,200.87599,5.404843,0,4215.7974
20.9,200.96562,5.3775873,0,4219.0116
20.916667,201.05479,5.350307,0,4222.2095
20.933333,201.14351,5.3230022,0,4225.3912
20.95,201.23177,5.295673,0,4228.5567
20.966667,201.31958,5.2683196,0,4231.7059
20.983333,201.40693,5.240942,0,4234.8389
21,201.49382,5.2135405,0,4237.9556
21.016667,201.58025,5.1861151,0,4241.0559
21.033333,201.66623,5.1586659,0,4244.14
21.05,201.75175,5.1311931,0,4247.2078
21.066667,201.83681,5.1036968,0,4250.2592
21.083333,201.92142,5.0761771,0,4253.2942
21.1,202.00556,5.0486342,0,4256.3129
21.116667,202.08924,5.0210682,0,4259.3153
21.133333,202.17247,4.9934792,0,4262.3012
21.15,202.25523,4.9658673,0,4265.2707
21.166667,202.33754,4.9382326,0,4268.2238
21.183333,202.41938,4.9105754,0,4271.1605
21.2,202.50076,4.8828957,0,4274.0807
21.216667,202.58168,4.8551936,0,4276.9844
21.233333,202.66214,4.8274693,0,4279.8717
21.25,202.74213,4.7997228,0,4282.7425
21.266667,202.82167,4.7719544,0,4285.5968
21.283333,202.90074,4.7441642,0,4288.4346
21.3,202.97934,4.7163522,0,4291.2559
21.316667,203.05748,4.6885186,0,4294.0606
21.333333,203.13516,4.6606636,0,4296.8487
21.35,203.21237,4.6327872,0,4299.6203
21.366667,203.28912,4.6048896,0,4302.3754
21.383333,203.36541,4.5769709,0,4305.1138
21.4,203.44122,4.5490312,0,4307.8356
21.416667,203.51657,4.5210707,0,4310.5408
21.433333,203.59146,4.4930895,0,4313.2294
21.45,203.66588,4.4650878,0,4315.9014
21.466667,203.73983,4.4370656,0,4318.5567
21.483333,203.81331,4.4090231,0,4321.1953
21.5,203.88633,4.3809603,0,4323.8172
21.516667,203.95888,4.3528776,0,4326.4225
21.533333,204.03096,4.3247748,0,4329.0111
21.55,204.10257,4.2966523,0,4331.5829
21.566667,204.17371,4.2685101,0,4334.1381
21.583333,204.24438,4.2403484,0,4336.6765
21.6,204.31458,4.2121673,0,4339.1981
21.616667,204.38432,4.1839668,0,4341.703
21.633333,204.45358,4.1557472,0,4344.1911
21.65,204.52237,4.1275086,0,4346.6624
21.666667,204.59069,4.099251,0,4349.117
21.683333,204.65854,4.0709747,0,4351.5547
21.7,204.72592,4.0426798,0,4353.9757
21.716667,204.79283,4.0143663,0,4356.3798
21.733333,204.85926,3.9860345,0,4358.767
21.75,204.92522,3.9576844,0,4361.1374
21.766667,204.99071,3.9293162,0,4363.491
21.783333,205.05572,3.90093,0,4365.8277
21.8,205.12027,3.8725259,0,4368.1475
21.816667,205.18433,3.8441041,0,4370.4504
21.833333,205.24793,3.8156647,0,4372.7364
21.85,205.31105,3.7872078,0,4375.0055
21.866667,205.3737,3.7587336,0,4377.2577
21.883333,205.43587,3.7302422,0,4379.4929
21.9,205.49756,3.7017336,0,4381.7112
21.916667,205.55878,3.6732082,0,4383.9125
21.933333,205.61953,3.6446659,0,4386.0969
21.95,205.67979,3.6161069,0,4388.2643
21.966667,205.73959,3.5875314,0,4390.4147
21.983333,205.7989,3.5589394,0,4392.5482
22,205.85774,3.5303311,0,4394.6646
22.016667,205.9161,3.5017067,0,4396.764
22.033333,205.97399,3.4730662,0,4398.8464
22.05,206.03139,3.4444099,0,4400.9118
22.066667,206.08832,3.4157377,0,4402.9601
22.083333,206.14477,3.38705,0,4404.9914
22.1,206.20075,3.3583467,0,4407.0056
22.116667,206.25624,3.329628,0,4409.0027
22.133333,206.31126,3.3008941,0,4410.9828
22.15,206.36579,3.272145,0,4412.9457
22.166667,206.41985,3.243381,0,4414.8916
22.183333,206.47342,3.2146022,0,4416.8204
22.2,206.52652,3.1858086,0,4418.732
22.216667,206.57914,3.1570004,0,4420.6266
22.233333,206.63127,3.1281778,0,4422.504
22.25,206.68293,3.0993408,0,4424.3642
22.266667,206.7341,3.0704896,0,4426.2074
22.283333,206.7848,3.0416244,0,4428.0333
22.3,206.83501,3.0127453,0,4429.8421
22.316667,206.88474,2.9838523,0,4431.6337
22.333333,206.93399,2.9549458,0,4433.4082
22.35,206.98276,2.9260256,0,4435.1654
22.366667,207.03104,2.8970921,0,4436.9054
22.383333,207.07884,2.8681453,0,4438.6283
22.4,207.12616,2.8391854,0,4440.3339
22.416667,207.173,2.8102124,0,4442.0223
22.433333,207.21936,2.7812266,0,4443.6935
22.45,207.26523,2.7522281,0,4445.3474
22.466667,207.31061,2.723217,0,4446.9841
22.483333,207.35552,2.6941933,0,4448.6036
22.5,207.39993,2.6651574,0,4450.2057
22.516667,207.44387,2.6361092,0,4451.7907
22.533333,207.48732,2.607049,0,4453.3583
22.55,207.53029,2.5779769,0,4454.9087
22.566667,207.57277,2.5488929,0,4456.4417
22.583333,207.61477,2.5197973,0,4457.9575
22.6,207.65628,2.4906901,0,4459.456
22.616667,207.6973,2.4615715,0,4460.9371
22.633333,207.73784,2.4324416,0,4462.401
22.65,207.7779,2.4033006,0,4463.8475
22.666667,207.81747,2.3741487,0,4465.2767
22.683333,207.85655,2.3449858,0,4466.6885
22.7,207.89515,2.3158122,0,4468.0831
22.716667,207.93326,2.286628,0,4469.4602
22.733333,207.97088,2.2574333,0,4470.82
22.75,208.00802,2.2282283,0,4472.1625
22.766667,208.04467,2.199013,0,4473.4876
22.783333,208.08083,2.1697877,0,4474.7953
22.8,208.11651,2.1405525,0,4476.0856
22.816667,208.1517,2.1113075,0,4477.3585
22.833333,208.1864,2.0820528,0,4478.6141
22.85,208.22061,2.0527886,0,4479.8523
22.866667,208.25434,2.0235149,0,4481.073
22.883333,208.28757,1.994232,0,4482.2763
22.9,208.32032,1.96494,0,4483.4623
22.916667,208.35258,1.9356389,0,4484.6308
22.933333,208.38436,1.9063291,0,4485.7819
22.95,208.41564,1.8770104,0,4486.9155
22.966667,208.44643,1.8476832,0,4488.0317
22.983333,208.47674,1.8183475,0,4489.1305
23,208.50656,1.7890035,0,4490.2119
23.016667,208.53588,1.7596513,0,4491.2757
23.033333,208.56472,1.7302911,0,4492.3222
23.05,208.59307,1.7009229,0,4493.3511
23.066667,208.62093,1.6715469,0,4494.3626
23.083333,208.6483,1.6421633,0,4495.3567
23.1,208.67518,1.6127722,0,4496.3332
23.116667,208.70157,1.5833736,0,4497.2923
23.133333,208.72747,1.5539678,0,4498.2339
23.15,208.75288,1.524555,0,4499.158
23.166667,208.7778,1.4951351,0,4500.0646
23.183333,208.80222,1.4657084,0,4500.9538
23.2,208.82616,1.4362749,0,4501.8254
23.216667,208.84961,1.4068349,0,4502.6795
23.233333,208.87257,1.3773885,0,4503.5161
23.25,208.89503,1.3479357,0,4504.3352
23.266667,208.91701,1.3184768,0,4505.1368
23.283333,208.93849,1.2890118,0,4505.9209
23.3,208.95948,1.2595409,0,4506.6874
23.316667,208.97998,1.2300643,0,4507.4365
23.333333,208.99999,1.200582,0,4508.168
23.35,209.01951,1.1710942,0,4508.8819
23.366667,209.03854,1.1416011,0,4509.5784
23.383333,209.05707,1.1121027,0,4510.2572
23.4,209.07512,1.0825993,0,4510.9186
23.416667,209.09267,1.0530909,0,4511.5624
23.433333,209.10973,1.0235776,0,4512.1886
23.45,209.12629,0.99405971,0,4512.7973
23.466667,209.14237,0.96453723,0,4513.3885
23.483333,209.15795,0.93501034,0,4513.9621
23.5,209.17305,0.90547917,0,4514.5181
23.516667,209.18764,0.87594385,0,4515.0566
23.533333,209.20175,0.84640452,0,4515.5775
23.55,209.21537,0.81686132,0,4516.0808
23.566667,209.22849,0.78731437,0,4516.5666
23.583333,209.24112,0.75776382,0,4517.0348
23.6,209.25325,0.72820979,0,4517.4854
23.616667,209.2649,0.69865244,0,4517.9185
23.633333,209.27605,0.66909188,0,4518.3339
23.65,209.28671,0.63952826,0,4518.7318
23.666667,209.29687,0.60996172,0,4519.1121
23.683333,209.30655,0.58039237,0,4519.4749
23.7,209.31573,0.55082038,0,4519.82
23.716667,209.32442,0.52124585,0,4520.1476
23.733333,209.33261,0.49166895,0,4520.4576
23.75,209.34031,0.46208979,0,4520.7499
23.766667,209.34752,0.43250851,0,4521.0247
23.783333,209.35423,0.40292526,0,4521.2819
23.8,209.36046,0.37334016,0,4521.5216
23.816667,209.36619,0.34375334,0,4521.7436
23.833333,209.37142,0.31416496,0,4521.948
23.85,209.37617,0.28457514,0,4522.1348
23.866667,209.38042,0.25498401,0,4522.3041
23.883333,209.38417,0.22539172,0,4522.4557
23.9,209.38744,0.1957984,0,4522.5897
23.916667,209.39021,0.16620416,0,4522.7062
23.933333,209.39248,0.13660919,0,4522.805
23.95,209.39427,0.10701358,0,4522.8862
23.966667,209.39556,0.077417472,0,4522.9499
23.983333,209.39635,0.04782102,0,4522.9959
24,209.39666,0.018224352,0,4523.0244
24.016667,209.39647,-0.011372406,0,4523.0352
24.033333,209.39578,-0.040969116,0,4523.0284
24.05,209.39461,-0.070565628,0,4523.0041
24.066667,209.39294,-0.10016182,0,4522.9621
24.083333,209.39078,-0.12975756,0,4522.9025
24.1,209.38812,-0.1593527,0,4522.8254
24.116667,209.38497,-0.18894711,0,4522.7306
24.133333,209.38133,-0.21854066,0,4522.6182
24.15,209.37719,-0.2481332,0,4522.4883
24.166667,209.37256,-0.27772461,0,4522.3407
24.183333,209.36744,-0.30731475,0,4522.1756
24.2,209.36183,-0.33690348,0,4521.9928
24.216667,209.35572,-0.36649066,0,4521.7925
24.233333,209.34912,-0.39607617,0,4521.5745
24.25,209.34202,-0.42565987,0,4521.339
24.266667,209.33444,-0.45524161,0,4521.0859
24.283333,209.32636,-0.48482128,0,4520.8151
24.3,209.31778,-0.51439872,0,4520.5268
24.316667,209.30872,-0.5439738,0,4520.2209
24.333333,209.29916,-0.5735464,0,4519.8974
24.35,209.28911,-0.60311637,0,4519.5563
24.366667,209.27856,-0.63268357,0,4519.1977
24.383333,209.26752,-0.66224788,0,4518.8214
24.4,209.25599,-0.69180916,0,4518.4276
24.416667,209.24397,-0.72136727,0,4518.0162
24.433333,209.23145,-0.75092207,0,4517.5872
24.45,209.21845,-0.78047344,0,4517.1407
24.466667,209.20495,-0.81002123,0,4516.6765
24.483333,209.19095,-0.83956531,0,4516.1948
24.5,209.17647,-0.86910556,0,4515.6956
24.516667,209.16149,-0.89864182,0,4515.1787
24.533333,209.14602,-0.92817396,0,4514.6443
24.55,209.13006,-0.95770185,0,4514.0924
24.566667,209.11361,-0.98722536,0,4513.5228
24.583333,209.09666,-1.0167444,0,4512.9358
24.6,209.07922,-1.0462587,0,4512.3311
24.616667,209.06129,-1.0757682,0,4511.7089
24.633333,209.04287,-1.1052728,0,4511.0692
24.65,209.02396,-1.1347724,0,4510.4119
24.666667,209.00456,-1.1642667,0,4509.7371
24.683333,208.98466,-1.1937558,0,4509.0447
24.7,208.96427,-1.2232393,0,4508.3348
24.716667,208.94339,-1.2527173,0,4507.6074
24.733333,208.92202,-1.2821895,0,4506.8624
24.75,208.90016,-1.3116559,0,4506.0999
24.766667,208.87781,-1.3411162,0,4505.3199
24.783333,208.85497,-1.3705704,0,4504.5224
24.8,208.83163,-1.4000183,0,4503.7073
24.816667,208.80781,-1.4294598,0,4502.8748
24.833333,208.78349,-1.4588948,0,4502.0247
24.85,208.75869,-1.4883231,0,4501.1571
24.866667,208.73339,-1.5177446,0,4500.272
24.883333,208.70761,-1.5471591,0,4499.3695
24.9,208.68133,-1.5765665,0,4498.4494
24.916667,208.65457,-1.6059668,0,4497.5119
24.933333,208.62731,-1.6353596,0,4496.5568
24.95,208.59956,-1.664745,0,4495.5843
24.966667,208.57133,-1.6941227,0,4494.5943
24.983333,208.5426,-1.7234927,0,4493.5869
25,208.51339,-1.7528548,0,4492.5619
25.016667,208.48369,-1.7822089,0,4491.5195
25.033333,208.45349,-1.8115548,0,4490.4597
25.05,208.42281,-1.8408925,0,4489.3824
25.066667,208.39164,-1.8702216,0,4488.2877
25.083333,208.35998,-1.8995423,0,4487.1755
25.1,208.32783,-1.9288542,0,4486.0459
25.116667,208.2952,-1.9581573,0,4484.8988
25.133333,208.26207,-1.9874514,0,4483.7343
25.15,208.22846,-2.0167364,0,4482.5524
25.166667,208.19436,-2.0460122,0,4481.3531
25.183333,208.15977,-2.0752787,0,4480.1364
25.2,208.1247,-2.1045356,0,4478.9023
25.216667,208.08914,-2.1337829,0,4477.6508
25.233333,208.05309,-2.1630204,0,4476.3819
25.25,208.01655,-2.192248,0,4475.0955
25.266667,207.97952,-2.2214655,0,4473.7919
25.283333,207.94201,-2.2506729,0,4472.4708
25.3,207.90401,-2.27987,0,4471.1324
25.316667,207.86553,-2.3090567,0,4469.7766
25.333333,207.82656,-2.3382328,0,4468.4034
25.35,207.7871,-2.3673981,0,4467.0129
25.366667,207.74716,-2.3965526,0,4465.6051
25.383333,207.70673,-2.4256962,0,4464.1799
25.4,207.66582,-2.4548286,0,4462.7374
25.416667,207.62442,-2.4839499,0,4461.2776
25.433333,207.58253,-2.5130597,0,4459.8004
25.45,207.54017,-2.542158,0,4458.3059
25.466667,207.49731,-2.5712447,0,4456.7942
25.483333,207.45397,-2.6003196,0,4455.2651
25.5,207.41015,-2.6293826,0,4453.7188
25.516667,207.36584,-2.6584335,0,4452.1551
25.533333,207.32105,-2.6874723,0,4450.5742
25.55,207.27578,-2.7164988,0,4448.976
25.566667,207.23002,-2.7455128,0,4447.3606
25.583333,207.18378,-2.7745143,0,4445.7279
25.6,207.13705,-2.8035031,0,4444.0779
25.616667,207.08984,-2.832479,0,4442.4107
25.633333,207.04215,-2.8614419,0,4440.7263
25.65,206.99398,-2.8903918,0,4439.0247
25.666667,206.94532,-2.9193284,0,4437.3058
25.683333,206.89619,-2.9482517,0,4435.5698
25.7,206.84657,-2.9771614,0,4433.8165
25.716667,206.79647,-3.0060575,0,4432.046
25.733333,206.74588,-3.0349399,0,4430.2584
25.75,206.69482,-3.0638083,0,4428.4536
25.766667,206.64328,-3.0926627,0,4426.6316
25.783333,206.59125,-3.121503,0,4424.7925
25.8,206.53874,-3.1503289,0,4422.9362
25.816667,206.48576,-3.1791405,0,4421.0627
25.833333,206.43229,-3.2079375,0,4419.1722
25.85,206.37835,-3.2367197,0,4417.2645
25.866667,206.32392,-3.2654872,0,4415.3397
25.883333,206.26902,-3.2942397,0,4413.3977
25.9,206.21364,-3.3229772,0,4411.4387
25.916667,206.15777,-3.3516994,0,4409.4626
25.933333,206.10143,-3.3804062,0,4407.4694
25.95,206.04462,-3.4090976,0,4405.4592
25.966667,205.98732,-3.4377734,0,4403.4319
25.983333,205.92955,-3.4664334,0,4401.3875
26,205.87129,-3.4950776,0,4399.3261
26.016667,205.81257,-3.5237057,0,4397.2476
26.033333,205.75336,-3.5523178,0,4395.1522
26.05,205.69368,-3.5809135,0,4393.0397
26.066667,205.63352,-3.6094929,0,4390.9102
26.083333,205.57289,-3.6380557,0,4388.7637
26.1,205.51178,-3.6666018,0,4386.6002
26.116667,205.45019,-3.6951312,0,4384.4197
26.133333,205.38813,-3.7236437,0,4382.2223
26.15,205.32559,-3.7521391,0,4380.008
26.166667,205.26258,-3.7806173,0,4377.7766
26.183333,205.1991,-3.8090782,0,4375.5284
26.2,205.13514,-3.8375217,0,4373.2632
26.216667,205.07071,-3.8659476,0,4370.9811
26.233333,205.0058,-3.8943557,0,4368.6821
26.25,204.94042,-3.9227461,0,4366.3662
26.266667,204.87457,-3.9511185,0,4364.0334
26.283333,204.80825,-3.9794728,0,4361.6838
26.3,204.74145,-4.0078089,0,4359.3173
26.316667,204.67418,-4.0361266,0,4356.9339
26.333333,204.60644,-4.0644258,0,4354.5337
26.35,204.53823,-4.0927065,0,4352.1167
26.366667,204.46955,-4.1209684,0,4349.6828
26.383333,204.40039,-4.1492114,0,4347.2322
26.4,204.33077,-4.1774354,0,4344.7647
26.416667,204.26068,-4.2056403,0,4342.2805
26.433333,204.19011,-4.2338259,0,4339.7795
26.45,204.11908,-4.2619922,0,4337.2617
26.466667,204.04758,-4.2901389,0,4334.7272
26.483333,203.9756,-4.318266,0,4332.176
26.5,203.90317,-4.3463733,0,4329.608
26.516667,203.83026,-4.3744607,0,4327.0233
26.533333,203.75688,-4.402528,0,4324.4219
26.55,203.68304,-4.4305753,0,4321.8038
26.566667,203.60873,-4.4586022,0,4319.169
26.583333,203.53395,-4.4866087,0,4316.5176
26.6,203.45871,-4.5145946,0,4313.8495
26.616667,203.383,-4.5425599,0,4311.1647
26.633333,203.30682,-4.5705044,0,4308.4634
26.65,203.23018,-4.598428,0,4305.7454
26.666667,203.15308,-4.6263305,0,4303.0108
26.683333,203.07551,-4.6542118,0,4300.2596
26.7,202.99747,-4.6820718,0,4297.4919
26.716667,202.91898,-4.7099104,0,4294.7075
26.733333,202.84001,-4.7377274,0,4291.9066
26.75,202.76059,-4.7655227,0,4289.0892
26.766667,202.6807,-4.7932961,0,4286.2553
26.783333,202.60035,-4.8210477,0,4283.4048
26.8,202.51954,-4.8487771,0,4280.5378
26.816667,202.43826,-4.8764844,0,4277.6543
26.833333,202.35652,-4.9041693,0,4274.7544
26.85,202.27433,-4.9318317,0,4271.838
26.866667,202.19167,-4.9594716,0,4268.9051
26.883333,202.10855,-4.9870888,0,4265.9558
26.9,202.02497,-5.0146831,0,4262.9901
26.916667,201.94094,-5.0422545,0,4260.008
26.933333,201.85644,-5.0698027,0,4257.0095
26.95,201.77148,-5.0973278,0,4253.9946
26.966667,201.68607,-5.1248295,0,4250.9633
26.983333,201.6002,-5.1523078,0,4247.9157
27,201.51387,-5.1797624,0,4244.8517
27.016667,201.42708,-5.2071934,0,4241.7714
27.033333,201.33984,-5.2346004,0,4238.6748
27.05,201.25214,-5.2619836,0,4235.5619
27.066667,201.16398,-5.2893426,0,4232.4327
27.083333,201.07537,-5.3166774,0,4229.2872
27.1,200.98631,-5.3439879,0,4226.1255
27.116667,200.89678,-5.3712738,0,4222.9475
27.133333,200.80681,-5.3985352,0,4219.7534
27.15,200.71638,-5.4257719,0,4216.543
27.166667,200.6255,-5.4529837,0,4213.3164
27.183333,200.53416,-5.4801706,0,4210.0736
27.2,200.44237,-5.5073323,0,4206.8146
27.216667,200.35013,-5.5344689,0,4203.5395
27.233333,200.25744,-5.5615801,0,4200.2483
27.25,200.16429,-5.5886658,0,4196.941
27.266667,200.0707,-5.6157259,0,4193.6175
27.283333,199.97665,-5.6427604,0,4190.2779
27.3,199.88216,-5.669769,0,4186.9223
27.316667,199.78721,-5.6967516,0,4183.5506
27.333333,199.69181,-5.7237081,0,4180.1629
27.35,199.59597,-5.7506384,0,4176.7591
27.366667,199.49968,-5.7775424,0,4173.3393
27.383333,199.40294,-5.8044199,0,4169.9035
27.4,199.30575,-5.8312709,0,4166.4518
27.416667,199.20811,-5.8580951,0,4162.984
27.433333,199.11003,-5.8848926,0,4159.5003
27.45,199.01151,-5.9116631,0,4156.0007
27.466667,198.91253,-5.9384064,0,4152.4852
27.483333,198.81311,-5.9651227,0,4148.9537
27.5,198.71325,-5.9918116,0,4145.4064
27.516667,198.61294,-6.018473,0,4141.8432
27.533333,198.51219,-6.0451069,0,4138.2641
27.55,198.411,-6.0717131,0,4134.6692
27.566667,198.30936,-6.0982915,0,4131.0585
27.583333,198.20728,-6.124842,0,4127.432
27.6,198.10475,-6.1513645,0,4123.7897
27.616667,198.00179,-6.1778587,0,4120.1316
27.633333,197.89838,-6.2043247,0,4116.4577
27.65,197.79454,-6.2307623,0,4112.7681
27.666667,197.69025,-6.2571713,0,4109.0628
27.683333,197.58553,-6.2835517,0,4105.3418
27.7,197.48036,-6.3099033,0,4101.6051
27.716667,197.37476,-6.3362261,0,4097.8528
27.733333,197.26871,-6.3625198,0,4094.0847
27.75,197.16224,-6.3887843,0,4090.3011
27.766667,197.05532,-6.4150196,0,4086.5018
27.783333,196.94796,-6.4412256,0,4082.6869
27.8,196.84017,-6.467402,0,4078.8565
27.816667,196.73195,-6.4935488,0,4075.0104
27.833333,196.62329,-6.5196659,0,4071.1489
27.85,196.51419,-6.5457532,0,4067.2717
27.866667,196.40466,-6.5718104,0,4063.3791
27.883333,196.2947,-6.5978376,0,4059.471
27.9,196.1843,-6.6238346,0,4055.5474
27.916667,196.07347,-6.6498012,0,4051.6083
27.933333,195.96221,-6.6757374,0,4047.6538
27.95,195.85051,-6.7016429,0,4043.6839
27.966667,195.73839,-6.7275179,0,4039.6986
27.983333,195.62583,-6.753362,0,4035.6979
28,195.51285,-6.7791752,0,4031.6818
28.016667,195.39943,-6.8049573,0,4027.6504
28.033333,195.28559,-6.8307083,0,4023.6036
28.05,195.17131,-6.856428,0,4019.5415
28.066667,195.05661,-6.8821163,0,4015.4641
28.083333,194.94148,-6.907773,0,4011.3715
28.1,194.82592,-6.9333982,0,4007.2636
28.116667,194.70994,-6.9589916,0,4003.1404
28.133333,194.59353,-6.9845531,0,3999.0021
28.15,194.4767,-7.0100827,0,3994.8485
28.166667,194.35944,-7.0355802,0,3990.6797
28.183333,194.24175,-7.0610454,0,3986.4958
28.2,194.12364,-7.0864783,0,3982.2968
28.216667,194.00511,-7.1118787,0,3978.0826
28.233333,193.88616,-7.1372466,0,3973.8533
28.25,193.76678,-7.1625818,0,3969.6089
28.266667,193.64698,-7.1878842,0,3965.3495
28.283333,193.52677,-7.2131537,0,3961.075
28.3,193.40613,-7.2383902,0,3956.7855
28.316667,193.28507,-7.2635935,0,3952.481
28.333333,193.16359,-7.2887635,0,3948.1615
28.35,193.04169,-7.3139002,0,3943.827
28.366667,192.91937,-7.3390034,0,3939.4776
28.383333,192.79664,-7.364073,0,3935.1132
28.4,192.67348,-7.3891088,0,3930.734
28.416667,192.54992,-7.4141108,0,3926.3398
28.433333,192.42593,-7.4390789,0,3921.9308
28.45,192.30153,-7.4640129,0,3917.5069
28.466667,192.17672,-7.4889127,0,3913.0682
28.483333,192.05149,-7.5137782,0,3908.6147
28.5,191.92584,-7.5386093,0,3904.1464
28.516667,191.79979,-7.5634059,0,3899.6634
28.533333,191.67332,-7.5881679,0,3895.1656
28.55,191.54644,-7.6128951,0,3890.6531
28.566667,191.41914,-7.6375875,0,3886.1258
28.583333,191.29144,-7.6622449,0,3881.5839
28.6,191.16332,-7.6868672,0,3877.0273
28.616667,191.0348,-7.7114542,0,3872.4561
28.633333,190.90587,-7.736006,0,3867.8703
28.65,190.77652,-7.7605224,0,3863.2698
28.666667,190.64677,-7.7850032,0,3858.6548
28.683333,190.51662,-7.8094484,0,3854.0252
28.7,190.38605,-7.8338578,0,3849.3811
28.716667,190.25508,-7.8582313,0,3844.7225
28.733333,190.12371,-7.8825689,0,3840.0494
28.75,189.99192,-7.9068703,0,3835.3618
28.766667,189.85974,-7.9311356,0,3830.6597
28.783333,189.72715,-7.9553645,0,3825.9432
28.8,189.59416,-7.979557,0,3821.2123
28.816667,189.46076,-8.003713,0,3816.4671
28.833333,189.32696,-8.0278323,0,3811.7074
28.85,189.19277,-8.0519148,0,3806.9334
28.866667,189.05817,-8.0759605,0,3802.1451
28.883333,188.92317,-8.0999692,0,3797.3425
28.9,188.78777,-8.1239408,0,3792.5256
28.916667,188.65197,-8.1478752,0,3787.6945
28.933333,188.51577,-8.1717723,0,3782.8491
28.95,188.37918,-8.195632,0,3777.9895
28.966667,188.24219,-8.2194541,0,3773.1158
28.983333,188.1048,-8.2432386,0,3768.2278
29,187.96702,-8.2669854,0,3763.3257
29.016667,187.82884,-8.2906943,0,3758.4095
29.033333,187.69027,-8.3143652,0,3753.4792
29.05,187.5513,-8.3379981,0,3748.5349
29.066667,187.41194,-8.3615927,0,3743.5764
29.083333,187.27219,-8.3851491,0,3738.604
29.1,187.13204,-8.4086671,0,3733.6175
29.116667,186.99151,-8.4321466,0,3728.617
29.133333,186.85058,-8.4555875,0,3723.6026
29.15,186.70927,-8.4789896,0,3718.5742
29.166667,186.56756,-8.502353,0,3713.532
29.183333,186.42546,-8.5256774,0,3708.4758
29.2,186.28298,-8.5489627,0,3703.4057
29.216667,186.14011,-8.5722089,0,3698.3219
29.233333,185.99685,-8.5954159,0,3693.2241
29.25,185.85321,-8.6185835,0,3688.1126
29.266667,185.70918,-8.6417116,0,3682.9873
29.283333,185.56477,-8.6648001,0,3677.8483
29.3,185.41997,-8.687849,0,3672.6955
29.316667,185.27479,-8.7108581,0,3667.529
29.333333,185.12923,-8.7338273,0,3662.3489
29.35,184.98328,-8.7567565,0,3657.155
29.366667,184.83695,-8.7796456,0,3651.9476
29.383333,184.69025,-8.8024945,0,3646.7265
29.4,184.54316,-8.8253031,0,3641.4918
29.416667,184.39569,-8.8480713,0,3636.2436
29.433333,184.24784,-8.870799,0,3630.9818
29.45,184.09962,-8.893486,0,3625.7066
29.466667,183.95102,-8.9161323,0,3620.4178
29.483333,183.80204,-8.9387378,0,3615.1156
29.5,183.65268,-8.9613024,0,3609.7999
29.516667,183.50295,-8.9838259,0,3604.4708
29.533333,183.35285,-9.0063083,0,3599.1283
29.55,183.20237,-9.0287494,0,3593.7724
29.566667,183.05151,-9.0511492,0,3588.4032
29.583333,182.90029,-9.0735076,0,3583.0207
29.6,182.74869,-9.0958244,0,3577.6248
29.616667,182.59672,-9.1180995,0,3572.2158
29.633333,182.44439,-9.1403329,0,3566.7934
29.65,182.29168,-9.1625245,0,3561.3578
29.666667,182.1386,-9.184674,0,3555.9091
29.683333,181.98515,-9.2067816,0,3550.4471
29.7,181.83134,-9.2288469,0,3544.9721
29.716667,181.67716,-9.25087,0,3539.4839
29.733333,181.52261,-9.2728508,0,3533.9826
29.75,181.3677,-9.2947891,0,3528.4682
29.766667,181.21242,-9.3166848,0,3522.9408
29.783333,181.05678,-9.3385378,0,3517.4003
29.8,180.90077,-9.3603481,0,3511.8469
29.816667,180.7444,-9.3821155,0,3506.2805
29.833333,180.58767,-9.40384,0,3500.7011
29.85,180.43058,-9.4255214,0,3495.1089
29.866667,180.27313,-9.4471597,0,3489.5037
29.883333,180.11531,-9.4687546,0,3483.8857
29.9,179.95714,-9.4903063,0,3478.2548
29.916667,179.79861,-9.5118144,0,3472.6111
29.933333,179.63972,-9.533279,0,3466.9546
29.95,179.48048,-9.5547,0,3461.2854
29.966667,179.32088,-9.5760772,0,3455.6034
29.983333,179.16092,-9.5974105,0,3449.9087
30,179.00061,-9.6186999,0,3444.2013
30.016667,178.83994,-9.6399453,0,3438.4813
30.033333,178.67892,-9.6611465,0,3432.7486
30.05,178.51755,-9.6823034,0,3427.0033
30.066667,178.35583,-9.7034161,0,3421.2455
30.083333,178.19375,-9.7244843,0,3415.4751
30.1,178.03133,-9.7455079,0,3409.6921
30.116667,177.86855,-9.766487,0,3403.8967
30.133333,177.70543,-9.7874213,0,3398.0887
30.15,177.54196,-9.8083108,0,3392.2684
30.166667,177.37814,-9.8291554,0,3386.4356
30.183333,177.21397,-9.8499549,0,3380.5904
30.2,177.04946,-9.8707094,0,3374.7328
30.216667,176.8846,-9.8914187,0,3368.8629
30.233333,176.7194,-9.9120826,0,3362.9807
30.25,176.55386,-9.9327012,0,3357.0862
30.266667,176.38797,-9.9532743,0,3351.1794
30.283333,176.22174,-9.9738019,0,3345.2604
30.3,176.05517,-9.9942837,0,3339.3292
30.316667,175.88826,-10.01472,0,3333.3858
30.333333,175.72101,-10.03511,0,3327.4302
30.35,175.55341,-10.055454,0,3321.4626
30.366667,175.38549,-10.075753,0,3315.4828
30.383333,175.21722,-10.096005,0,3309.4909
30.4,175.04861,-10.11621,0,3303.4871
30.416667,174.87968,-10.13637,0,3297.4712
30.433333,174.7104,-10.156483,0,3291.4433
30.45,174.54079,-10.17655,0,3285.4034
30.466667,174.37085,-10.19657,0,3279.3516
30.483333,174.20057,-10.216543,0,3273.288
30.5,174.02997,-10.23647,0,3267.2124
30.516667,173.85903,-10.256349,0,3261.125
30.533333,173.68776,-10.276182,0,3255.0257
30.55,173.51616,-10.295968,0,3248.9147
30.566667,173.34423,-10.315706,0,3242.7919
30.583333,173.17197,-10.335397,0,3236.6574
30.6,172.99939,-10.355041,0,3230.5111
30.616667,172.82648,-10.374638,0,3224.3532
30.633333,172.65324,-10.394187,0,3218.1836
30.65,172.47968,-10.413688,0,3212.0024
30.666667,172.30579,-10.433142,0,3205.8096
30.683333,172.13158,-10.452548,0,3199.6052
30.7,171.95705,-10.471906,0,3193.3893
30.716667,171.7822,-10.491216,0,3187.1619
30.733333,171.60702,-10.510478,0,3180.923
30.75,171.43153,-10.529692,0,3174.6726
30.766667,171.25572,-10.548858,0,3168.4108
30.783333,171.07958,-10.567975,0,3162.1376
30.8,170.90313,-10.587044,0,3155.8531
30.816667,170.72636,-10.606065,0,3149.5572
30.833333,170.54928,-10.625037,0,3143.25
30.85,170.37188,-10.64396,0,3136.9315
30.866667,170.19417,-10.662834,0,3130.6018
30.883333,170.01614,-10.68166,0,3124.2608
30.9,169.8378,-10.700437,0,3117.9086
30.916667,169.65915,-10.719165,0,3111.5453
30.933333,169.48018,-10.737844,0,3105.1708
30.95,169.30091,-10.756473,0,3098.7853
30.966667,169.12132,-10.775054,0,3092.3886
30.983333,168.94143,-10.793585,0,3085.9809
31,168.76123,-10.812066,0,3079.5622
31.016667,168.58072,-10.830498,0,3073.1325
31.033333,168.39991,-10.848881,0,3066.6918
31.05,168.21879,-10.867213,0,3060.2402
31.066667,168.03736,-10.885496,0,3053.7777
31.083333,167.85563,-10.90373,0,3047.3043
31.1,167.6736,-10.921913,0,3040.8201
31.116667,167.49127,-10.940046,0,3034.3251
31.133333,167.30863,-10.958129,0,3027.8192
31.15,167.12569,-10.976162,0,3021.3027
31.166667,166.94246,-10.994145,0,3014.7754
31.183333,166.75892,-11.012077,0,3008.2374
31.2,166.57509,-11.029959,0,3001.6887
31.216667,166.39096,-11.04779,0,2995.1294
31.233333,166.20654,-11.065571,0,2988.5596
31.25,166.02181,-11.083301,0,2981.9791
31.266667,165.8368,-11.100981,0,2975.3881
31.283333,165.65149,-11.118609,0,2968.7866
31.3,165.46588,-11.136187,0,2962.1746
31.316667,165.27999,-11.153714,0,2955.5521
31.333333,165.0938,-11.171189,0,2948.9192
31.35,164.90733,-11.188614,0,2942.2759
31.366667,164.72056,-11.205987,0,2935.6223
31.383333,164.5335,-11.223309,0,2928.9583
31.4,164.34616,-11.240579,0,2922.2841
31.416667,164.15853,-11.257798,0,2915.5995
31.433333,163.97061,-11.274966,0,2908.9047
31.45,163.78241,-11.292081,0,2902.1998
31.466667,163.59393,-11.309145,0,2895.4846
31.483333,163.40516,-11.326158,0,2888.7593
31.5,163.21611,-11.343118,0,2882.0238
31.516667,163.02677,-11.360027,0,2875.2783
31.533333,162.83716,-11.376883,0,2868.5228
31.55,162.64726,-11.393688,0,2861.7572
31.566667,162.45709,-11.41044,0,2854.9816
31.583333,162.26664,-11.42714,0,2848.196
31.6,162.07591,-11.443788,0,2841.4005
31.616667,161.8849,-11.460383,0,2834.5952
31.633333,161.69362,-11.476926,0,2827.7799
31.65,161.50206,-11.493416,0,2820.9548
31.666667,161.31023,-11.509853,0,2814.1199
31.683333,161.11813,-11.526238,0,2807.2752
31.7,160.92575,-11.54257,0,2800.4208
31.716667,160.7331,-11.558849,0,2793.5567
31.733333,160.54018,-11.575076,0,2786.6829
31.75,160.347,-11.591249,0,2779.7994
31.766667,160.15354,-11.607369,0,2772.9064
31.783333,159.95982,-11.623436,0,2766.0037
31.8,159.76583,-11.63945,0,2759.0915
31.816667,159.57157,-11.655411,0,2752.1698
31.833333,159.37705,-11.671318,0,2745.2385
31.85,159.18226,-11.687172,0,2738.2978
31.866667,158.98721,-11.702972,0,2731.3477
31.883333,158.7919,-11.718718,0,2724.3882
31.9,158.59633,-11.734411,0,2717.4193
31.916667,158.40049,-11.750051,0,2710.4411
31.933333,158.2044,-11.765636,0,2703.4536
31.95,158.00805,-11.781168,0,2696.4568
31.966667,157.81143,-11.796645,0,2689.4508
31.983333,157.61457,-11.812069,0,2682.4356
32,157.41744,-11.827438,0,2675.4112
32.016667,157.22006,-11.842753,0,2668.3777
32.033333,157.02243,-11.858015,0,2661.335
32.05,156.82454,-11.873221,0,2654.2833
32.066667,156.6264,-11.888374,0,2647.2225
32.083333,156.42801,-11.903472,0,2640.1528
32.1,156.22937,-11.918515,0,2633.074
32.116667,156.03048,-11.933504,0,2625.9863
32.133333,155.83134,-11.948438,0,2618.8897
32.15,155.63195,-11.963318,0,2611.7842
32.166667,155.43231,-11.978143,0,2604.6699
32.183333,155.23243,-11.992912,0,2597.5468
32.2,155.0323,-12.007627,0,2590.4148
32.216667,154.83193,-12.022287,0,2583.2741
32.233333,154.63132,-12.036892,0,2576.1247
32.25,154.43046,-12.051442,0,2568.9666
32.266667,154.22936,-12.065937,0,2561.7999
32.283333,154.02802,-12.080376,0,2554.6245
32.3,153.82644,-12.09476,0,2547.4406
32.316667,153.62463,-12.109089,0,2540.2481
32.333333,153.42257,-12.123362,0,2533.0471
32.35,153.22028,-12.13758,0,2525.8375
32.366667,153.01775,-12.151742,0,2518.6196
32.383333,152.81498,-12.165848,0,2511.3932
32.4,152.61198,-12.179899,0,2504.1584
32.416667,152.40875,-12.193894,0,2496.9153
32.433333,152.20529,-12.207833,0,2489.6638
32.45,152.00159,-12.221717,0,2482.4041
32.466667,151.79767,-12.235544,0,2475.1361
32.483333,151.59351,-12.249315,0,2467.8599
32.5,151.38913,-12.26303,0,2460.5754
32.516667,151.18452,-12.276689,0,2453.2829
32.533333,150.97968,-12.290292,0,2445.9822
32.55,150.77462,-12.303839,0,2438.6734
32.566667,150.56933,-12.317329,0,2431.3566
32.583333,150.36381,-12.330763,0,2424.0317
32.6,150.15808,-12.34414,0,2416.6988
32.616667,149.95212,-12.357461,0,2409.358
32.633333,149.74594,-12.370725,0,2402.0093
32.65,149.53954,-12.383932,0,2394.6527
32.666667,149.33292,-12.397083,0,2387.2882
32.683333,149.12609,-12.410177,0,2379.916
32.7,148.91903,-12.423215,0,2372.5359
32.716667,148.71176,-12.436195,0,2365.148
32.733333,148.50428,-12.449118,0,2357.7525
32.75,148.29658,-12.461985,0,2350.3493
32.766667,148.08867,-12.474794,0,2342.9384
32.783333,147.88054,-12.487546,0,2335.5199
32.8,147.6722,-12.500241,0,2328.0938
32.816667,147.46366,-12.512879,0,2320.6602
32.833333,147.2549,-12.52546,0,2313.219
32.85,147.04593,-12.537983,0,2305.7704
32.866667,146.83676,-12.550448,0,2298.3143
32.883333,146.62738,-12.562857,0,2290.8508
32.9,146.41779,-12.575207,0,2283.3799
32.916667,146.208,-12.5875,0,2275.9017
32.933333,145.998,-12.599736,0,2268.4162
32.95,145.7878,-12.611914,0,2260.9234
32.966667,145.5774,-12.624034,0,2253.4234
32.983333,145.3668,-12.636096,0,2245.9161
33,145.156,-12.6481,0,2238.4017
33.016667,144.945,-12.660047,0,2230.8801
33.033333,144.7338,-12.671935,0,2223.3515
33.05,144.5224,-12.683766,0,2215.8157
33.066667,144.31081,-12.695538,0,2208.273
33.083333,144.09902,-12.707252,0,2200.7232
33.1,143.88704,-12.718908,0,2193.1664
33.116667,143.67487,-12.730506,0,2185.6028
33.133333,143.4625,-12.742046,0,2178.0322
33.15,143.24994,-12.753527,0,2170.4548
33.166667,143.03719,-12.76495,0,2162.8705
33.183333,142.82425,-12.776314,0,2155.2795
33.2,142.61113,-12.78762,0,2147.6817
33.216667,142.39781,-12.798867,0,2140.0771
33.233333,142.18431,-12.810055,0,2132.4659
33.25,141.97062,-12.821185,0,2124.848
33.266667,141.75675,-12.832257,0,2117.2235
33.283333,141.5427,-12.843269,0,2109.5925
33.3,141.32846,-12.854223,0,2101.9548
33.316667,141.11404,-12.865118,0,2094.3107
33.333333,140.89944,-12.875954,0,2086.6601
33.35,140.68467,-12.88673,0,2079.003
33.366667,140.46971,-12.897448,0,2071.3395
33.383333,140.25457,-12.908107,0,2063.6697
33.4,140.03926,-12.918707,0,2055.9935
33.416667,139.82377,-12.929248,0,2048.311
33.433333,139.60811,-12.939729,0,2040.6223
33.45,139.39228,-12.950151,0,2032.9273
33.466667,139.17627,-12.960514,0,2025.2261
33.483333,138.96009,-12.970818,0,2017.5188
33.5,138.74374,-12.981062,0,2009.8053
33.516667,138.52722,-12.991246,0,2002.0857
33.533333,138.31053,-13.001371,0,1994.3601
33.55,138.09367,-13.011437,0,1986.6284
33.566667,137.87664,-13.021443,0,1978.8908
33.583333,137.65945,-13.03139,0,1971.1472
33.6,137.4421,-13.041276,0,1963.3977
33.616667,137.22458,-13.051103,0,1955.6424
33.633333,137.0069,-13.060871,0,1947.8811
33.65,136.78906,-13.070578,0,1940.1141
33.666667,136.57105,-13.080226,0,1932.3413
33.683333,136.35289,-13.089813,0,1924.5628
33.7,136.13457,-13.099341,0,1916.7785
33.716667,135.91609,-13.108809,0,1908.9886
33.733333,135.69745,-13.118217,0,1901.1931
33.75,135.47866,-13.127564,0,1893.3919
33.766667,135.25971,-13.136852,0,1885.5853
33.783333,135.04061,-13.146079,0,1877.773
33.8,134.82135,-13.155247,0,1869.9553
33.816667,134.60195,-13.164353,0,1862.1322
33.833333,134.38239,-13.1734,0,1854.3036
33.85,134.16269,-13.182387,0,1846.4697
33.866667,133.94283,-13.191313,0,1838.6304
33.883333,133.72283,-13.200178,0,1830.7858
33.9,133.50268,-13.208983,0,1822.9359
33.916667,133.28238,-13.217728,0,1815.0808
33.933333,133.06194,-13.226412,0,1807.2205
33.95,132.84136,-13.235036,0,1799.355
33.966667,132.62063,-13.243599,0,1791.4844
33.983333,132.39976,-13.252101,0,1783.6087
34,132.17875,-13.260543,0,1775.728
34.016667,131.95761,-13.268923,0,1767.8422
34.033333,131.73632,-13.277244,0,1759.9515
34.05,131.51489,-13.285503,0,1752.0558
34.066667,131.29333,-13.293701,0,1744.1551
34.083333,131.07163,-13.301839,0,1736.2497
34.1,130.8498,-13.309916,0,1728.3393
34.116667,130.62784,-13.317932,0,1720.4242
34.133333,130.40574,-13.325886,0,1712.5043
34.15,130.18351,-13.33378,0,1704.5797
34.166667,129.96115,-13.341613,0,1696.6504
34.183333,129.73866,-13.349384,0,1688.7164
34.2,129.51604,-13.357095,0,1680.7778
34.216667,129.29329,-13.364744,0,1672.8346
34.233333,129.07042,-13.372332,0,1664.8868
34.25,128.84743,-13.379859,0,1656.9346
34.266667,128.6243,-13.387325,0,1648.9779
34.283333,128.40106,-13.394729,0,1641.0167
34.3,128.17769,-13.402072,0,1633.0511
34.316667,127.9542,-13.409354,0,1625.0812
34.333333,127.73059,-13.416574,0,1617.1069
34.35,127.50686,-13.423733,0,1609.1284
34.366667,127.28301,-13.43083,0,1601.1456
34.383333,127.05905,-13.437866,0,1593.1585
34.4,126.83497,-13.44484,0,1585.1673
34.416667,126.61077,-13.451753,0,1577.172
34.433333,126.38646,-13.458604,0,1569.1725
34.45,126.16204,-13.465393,0,1561.1689
34.466667,125.93751,-13.472121,0,1553.1613
34.483333,125.71286,-13.478787,0,1545.1497
34.5,125.4881,-13.485392,0,1537.1342
34.516667,125.26324,-13.491934,0,1529.1147
34.533333,125.03826,-13.498415,0,1521.0913
34.55,124.81318,-13.504834,0,1513.0641
34.566667,124.588,-13.511191,0,1505.0331
34.583333,124.3627,-13.517487,0,1496.9982
34.6,124.13731,-13.52372,0,1488.9597
34.616667,123.91181,-13.529892,0,1480.9174
34.633333,123.68621,-13.536001,0,1472.8714
34.65,123.46051,-13.542049,0,1464.8219
34.666667,123.23471,-13.548034,0,1456.7687
34.683333,123.00881,-13.553958,0,1448.712
34.7,122.78281,-13.559819,0,1440.6517
34.716667,122.55672,-13.565618,0,1432.588
34.733333,122.33053,-13.571356,0,1424.5208
34.75,122.10425,-13.577031,0,1416.4502
34.766667,121.87787,-13.582644,0,1408.3762
34.783333,121.6514,-13.588194,0,1400.2989
34.8,121.42484,-13.593683,0,1392.2182
34.816667,121.19819,-13.599109,0,1384.1344
34.833333,120.97144,-13.604473,0,1376.0473
34.85,120.74462,-13.609775,0,1367.957
34.866667,120.5177,-13.615014,0,1359.8635
34.883333,120.2907,-13.620191,0,1351.7669
34.9,120.06361,-13.625306,0,1343.6673
34.916667,119.83643,-13.630358,0,1335.5646
34.933333,119.60918,-13.635348,0,1327.4589
34.95,119.38184,-13.640275,0,1319.3503
34.966667,119.15442,-13.64514,0,1311.2387
34.983333,118.92692,-13.649942,0,1303.1242
35,118.69934,-13.654682,0,1295.0069
35.016667,118.47169,-13.65936,0,1286.8867
35.033333,118.24396,-13.663975,0,1278.7638
35.05,118.01615,-13.668527,0,1270.6381
35.066667,117.78826,-13.673017,0,1262.5097
35.083333,117.56031,-13.677444,0,1254.3786
35.1,117.33228,-13.681808,0,1246.2449
35.116667,117.10417,-13.68611,0,1238.1087
35.133333,116.876,-13.690349,0,1229.9698
35.15,116.64776,-13.694525,0,1221.8284
35.166667,116.41945,-13.698639,0,1213.6846
35.183333,116.19107,-13.70269,0,1205.5383
35.2,115.96263,-13.706678,0,1197.3896
35.216667,115.73412,-13.710604,0,1189.2385
35.233333,115.50554,-13.714467,0,1181.0851
35.25,115.2769,-13.718266,0,1172.9294
35.266667,115.0482,-13.722004,0,1164.7714
35.283333,114.81944,-13.725678,0,1156.6112
35.3,114.59062,-13.729289,0,1148.4489
35.316667,114.36174,-13.732838,0,1140.2843
35.333333,114.1328,-13.736323,0,1132.1177
35.35,113.90381,-13.739746,0,1123.949
35.366667,113.67475,-13.743106,0,1115.7783
35.383333,113.44565,-13.746403,0,1107.6055
35.4,113.21649,-13.749637,0,1099.4308
35.416667,112.98727,-13.752808,0,1091.2542
35.433333,112.75801,-13.755916,0,1083.0757
35.45,112.52869,-13.758961,0,1074.8953
35.466667,112.29933,-13.761943,0,1066.7132
35.483333,112.06991,-13.764862,0,1058.5292
35.5,111.84045,-13.767718,0,1050.3435
35.516667,111.61094,-13.77051,0,1042.1562
35.533333,111.38139,-13.77324,0,1033.9671
35.55,111.15179,-13.775907,0,1025.7765
35.566667,110.92215,-13.778511,0,1017.5842
35.583333,110.69246,-13.781051,0,1009.3904
35.6,110.46274,-13.783529,0,1001.1951
35.616667,110.23297,-13.785943,0,992.99835
35.633333,110.00317,-13.788294,0,984.80013
35.65,109.77332,-13.790582,0,976.60052
35.666667,109.54344,-13.792807,0,968.39955
35.683333,109.31353,-13.794969,0,960.19725
35.7,109.08358,-13.797068,0,951.99367
35.716667,108.85359,-13.799103,0,943.78884
35.733333,108.62357,-13.801076,0,935.5828
35.75,108.39352,-13.802985,0,927.37559
35.766667,108.16344,-13.80483,0,919.16724
35.783333,107.93333,-13.806613,0,910.95779
35.8,107.70319,-13.808332,0,902.74729
35.816667,107.47303,-13.809989,0,894.53576
35.833333,107.24283,-13.811582,0,886.32324
35.85,107.01262,-13.813111,0,878.10978
35.866667,106.78237,-13.814578,0,869.89541
35.883333,106.55211,-13.815981,0,861.68017
35.9,106.32182,-13.817321,0,853.46409
35.916667,106.09151,-13.818597,0,845.24722
35.933333,105.86118,-13.819811,0,837.02959
35.95,105.63083,-13.820961,0,828.81123
35.966667,105.40046,-13.822048,0,820.59219
35.983333,105.17008,-13.823071,0,812.37251
36,104.93968,-13.824031,0,804.15222
36.016667,104.70926,-13.824928,0,795.93135
36.033333,104.47883,-13.825762,0,787.70995
36.05,104.24839,-13.826532,0,779.48806
36.066667,104.01793,-13.827239,0,771.26571
36.083333,103.78747,-13.827883,0,763.04294
36.1,103.557,-13.828463,0,754.81978
36.116667,103.32651,-13.82898,0,746.59628
36.133333,103.09602,-13.829434,0,738.37248
36.15,102.86552,-13.829824,0,730.1484
36.166667,102.63502,-13.830151,0,721.92409
36.183333,102.40452,-13.830415,0,713.69959
36.2,102.17401,-13.830615,0,705.47493
36.216667,101.94349,-13.830752,0,697.25015
36.233333,101.71298,-13.830826,0,689.02529
36.25,101.48247,-13.830836,0,680.80038
36.266667,101.25195,-13.830836,0,672.57547
36.283333,101.02144,-13.830836,0,664.35056
36.3,100.79092,-13.830836,0,656.12565
36.316667,100.56041,-13.830836,0,647.90074
36.333333,100.3299,-13.830836,0,639.67583
36.35,100.09938,-13.830836,0,631.45091
36.366667,99.868867,-13.830836,0,623.226
36.383333,99.638391,-13.828595,779.05891,0
36.4,99.407953,-13.826291,787.28249,0
36.416667,99.177554,-13.823923,795.50469,0
36.433333,98.947196,-13.821493,803.72549,0
36.45,98.716879,-13.818998,811.94485,0
36.466667,98.486605,-13.816441,820.16272,0
36.483333,98.256375,-13.81382,828.37907,0
36.5,98.026189,-13.811136,836.59386,0
36.516667,97.796049,-13.808389,844.80706,0
36.533333,97.565956,-13.805579,853.01862,0
36.55,97.335911,-13.802705,861.22851,0
36.566667,97.105915,-13.799768,869.43669,0
36.583333,96.875969,-13.796768,877.64313,0
36.6,96.646074,-13.793705,885.84778,0
36.616667,96.416231,-13.790579,894.05061,0
36.633333,96.186441,-13.787389,902.25158,0
36.65,95.956705,-13.784137,910.45066,0
36.666667,95.727025,-13.780821,918.6478,0
36.683333,95.497401,-13.777442,926.84296,0
36.7,95.267834,-13.774,935.03612,0
36.716667,95.038326,-13.770495,943.22723,0
36.733333,94.808877,-13.766927,951.41626,0
36.75,94.579489,-13.763296,959.60317,0
36.766667,94.350162,-13.759602,967.78791,0
36.783333,94.120898,-13.755844,975.97046,0
36.8,93.891698,-13.752024,984.15078,0
36.816667,93.662562,-13.748141,992.32882,0
36.833333,93.433492,-13.744195,1000.5046,0
36.85,93.204489,-13.740186,1008.6779,0
36.866667,92.975554,-13.736114,1016.8489,0
36.883333,92.746688,-13.731979,1025.0175,0
36.9,92.517891,-13.727781,1033.1837,0
36.916667,92.289166,-13.723521,1041.3473,0
36.933333,92.060513,-13.719197,1049.5084,0
36.95,91.831933,-13.714811,1057.6669,0
36.966667,91.603427,-13.710362,1065.8228,0
36.983333,91.374996,-13.70585,1073.9761,0
37,91.146641,-13.701276,1082.1267,0
37.016667,90.918364,-13.696638,1090.2745,0
37.033333,90.690165,-13.691938,1098.4196,0
37.05,90.462045,-13.687175,1106.5619,0
37.066667,90.234006,-13.68235,1114.7014,0
37.083333,90.006048,-13.677462,1122.838,0
37.1,89.778173,-13.672511,1130.9717,0
37.116667,89.550382,-13.667498,1139.1025,0
37.133333,89.322674,-13.662422,1147.2303,0
37.15,89.095053,-13.657283,1155.355,0
37.166667,88.867518,-13.652082,1163.4767,0
37.183333,88.640071,-13.646819,1171.5953,0
37.2,88.412713,-13.641493,1179.7108,0
37.216667,88.185445,-13.636104,1187.8231,0
37.233333,87.958267,-13.630653,1195.9322,0
37.25,87.731182,-13.62514,1204.0381,0
37.266667,87.504189,-13.619564,1212.1407,0
37.283333,87.27729,-13.613926,1220.24,0
37.3,87.050486,-13.608226,1228.3359,0
37.316667,86.823779,-13.602463,1236.4284,0
37.333333,86.597168,-13.596638,1244.5175,0
37.35,86.370655,-13.590751,1252.6032,0
37.366667,86.144242,-13.584801,1260.6853,0
37.383333,85.917929,-13.578789,1268.7639,0
37.4,85.691717,-13.572715,1276.8389,0
37.416667,85.465607,-13.566579,1284.9103,0
37.433333,85.239601,-13.560381,1292.9781,0
37.45,85.013699,-13.554121,1301.0422,0
37.466667,84.787902,-13.547798,1309.1025,0
37.483333,84.562212,-13.541414,1317.1591,0
37.5,84.336629,-13.534967,1325.2119,0
37.516667,84.111155,-13.528459,1333.2609,0
37.533333,83.88579,-13.521889,1341.306,0
37.55,83.660536,-13.515256,1349.3472,0
37.566667,83.435393,-13.508562,1357.3844,0
37.583333,83.210363,-13.501806,1365.4177,0
37.6,82.985447,-13.494988,1373.4469,0
37.616667,82.760645,-13.488108,1381.4721,0
37.633333,82.535959,-13.481167,1389.4932,0
37.65,82.311389,-13.474164,1397.5102,0
37.666667,82.086938,-13.467099,1405.523,0
37.683333,81.862605,-13.459972,1413.5316,0
37.7,81.638392,-13.452784,1421.5359,0
37.716667,81.4143,-13.445535,1429.536,0
37.733333,81.190329,-13.438223,1437.5318,0
37.75,80.966482,-13.43085,1445.5232,0
37.766667,80.742758,-13.423416,1453.5103,0
37.783333,80.519159,-13.41592,1461.4929,0
37.8,80.295687,-13.408363,1469.4711,0
37.816667,80.072341,-13.400744,1477.4448,0
37.833333,79.849123,-13.393064,1485.4139,0
37.85,79.626034,-13.385323,1493.3785,0
37.866667,79.403076,-13.37752,1501.3385,0
37.883333,79.180248,-13.369656,1509.2938,0
37.9,78.957553,-13.361731,1517.2444,0
37.916667,78.73499,-13.353745,1525.1904,0
37.933333,78.512562,-13.345697,1533.1316,0
37.95,78.290269,-13.337589,1541.068,0
37.966667,78.068112,-13.329419,1548.9996,0
37.983333,77.846092,-13.321188,1556.9263,0
38,77.62421,-13.312896,1564.8481,0
38.016667,77.402468,-13.304544,1572.765,0
38.033333,77.180866,-13.29613,1580.677,0
38.05,76.959405,-13.287656,1588.5839,0
38.066667,76.738086,-13.27912,1596.4858,0
38.083333,76.516911,-13.270524,1604.3826,0
38.1,76.29588,-13.261867,1612.2743,0
38.116667,76.074994,-13.25315,1620.1609,0
38.133333,75.854254,-13.244371,1628.0423,0
38.15,75.633662,-13.235532,1635.9184,0
38.166667,75.413218,-13.226633,1643.7893,0
38.183333,75.192924,-13.217673,1651.6549,0
38.2,74.97278,-13.208652,1659.5152,0
38.216667,74.752787,-13.199571,1667.3701,0
38.233333,74.532946,-13.190429,1675.2196,0
38.25,74.313259,-13.181227,1683.0637,0
38.266667,74.093726,-13.171965,1690.9023,0
38.283333,73.874349,-13.162642,1698.7354,0
38.3,73.655128,-13.153259,1706.5629,0
38.316667,73.436064,-13.143816,1714.3849,0
38.333333,73.217159,-13.134313,1722.2013,0
38.35,72.998413,-13.124749,1730.012,0
38.366667,72.779828,-13.115125,1737.817,0
38.383333,72.561404,-13.105442,1745.6163,0
38.4,72.343142,-13.095698,1753.4098,0
38.416667,72.125044,-13.085894,1761.1975,0
38.433333,71.90711,-13.076031,1768.9794,0
38.45,71.689342,-13.066107,1776.7555,0
38.466667,71.47174,-13.056124,1784.5256,0
38.483333,71.254305,-13.046081,1792.2898,0
38.5,71.037039,-13.035978,1800.0481,0
38.516667,70.819942,-13.025816,1807.8003,0
38.533333,70.603015,-13.015593,1815.5465,0
38.55,70.38626,-13.005312,1823.2866,0
38.566667,70.169677,-12.99497,1831.0206,0
38.583333,69.953268,-12.984569,1838.7484,0
38.6,69.737033,-12.974109,1846.4701,0
38.616667,69.520973,-12.963589,1854.1855,0
38.633333,69.305089,-12.95301,1861.8947,0
38.65,69.089383,-12.942372,1869.5976,0
38.666667,68.873855,-12.931674,1877.2941,0
38.683333,68.658507,-12.920917,1884.9843,0
38.7,68.443338,-12.910101,1892.6681,0
38.716667,68.228351,-12.899226,1900.3455,0
38.733333,68.013546,-12.888292,1908.0164,0
38.75,67.798925,-12.877299,1915.6808,0
38.766667,67.584487,-12.866247,1923.3387,0
38.783333,67.370235,-12.855136,1930.9899,0
38.8,67.156169,-12.843966,1938.6346,0
38.816667,66.94229,-12.832737,1946.2727,0
38.833333,66.728599,-12.821449,1953.904,0
38.85,66.515097,-12.810103,1961.5287,0
38.866667,66.301786,-12.798698,1969.1466,0
38.883333,66.088665,-12.787234,1976.7577,0
38.9,65.875737,-12.775712,1984.362,0
38.916667,65.663001,-12.764132,1991.9595,0
38.933333,65.450459,-12.752493,1999.55,0
38.95,65.238113,-12.740795,2007.1337,0
38.966667,65.025962,-12.729039,2014.7103,0
38.983333,64.814008,-12.717225,2022.28,0
39,64.602253,-12.705353,2029.8427,0
39.016667,64.390696,-12.693422,2037.3983,0
39.033333,64.179338,-12.681434,2044.9468,0
39.05,63.968182,-12.669387,2052.4882,0
39.066667,63.757227,-12.657282,2060.0224,0
39.083333,63.546475,-12.64512,2067.5495,0
39.1,63.335927,-12.632899,2075.0693,0
39.116667,63.125583,-12.620621,2082.5818,0
39.133333,62.915445,-12.608285,2090.087,0
39.15,62.705514,-12.595891,2097.5849,0
39.166667,62.49579,-12.583439,2105.0754,0
39.183333,62.286274,-12.57093,2112.5585,0
39.2,62.076968,-12.558363,2120.0342,0
39.216667,61.867872,-12.545739,2127.5024,0
39.233333,61.658988,-12.533057,2134.9631,0
39.25,61.450316,-12.520318,2142.4162,0
39.266667,61.241857,-12.507521,2149.8618,0
39.283333,61.033613,-12.494667,2157.2997,0
39.3,60.825584,-12.481756,2164.7301,0
39.316667,60.617771,-12.468788,2172.1527,0
39.333333,60.410175,-12.455763,2179.5676,0
39.35,60.202797,-12.442681,2186.9748,0
39.366667,59.995638,-12.429541,2194.3742,0
39.383333,59.788698,-12.416345,2201.7658,0
39.4,59.58198,-12.403092,2209.1496,0
39.416667,59.375484,-12.389782,2216.5254,0
39.433333,59.16921,-12.376416,2223.8934,0
39.45,58.96316,-12.362993,2231.2534,0
39.466667,58.757335,-12.349513,2238.6054,0
39.483333,58.551736,-12.335976,2245.9494,0
39.5,58.346363,-12.322383,2253.2853,0
39.516667,58.141217,-12.308734,2260.6132,0
39.533333,57.9363,-12.295028,2267.9329,0
39.55,57.731612,-12.281266,2275.2445,0
39.566667,57.527155,-12.267448,2282.548,0
39.583333,57.322928,-12.253574,2289.8431,0
39.6,57.118934,-12.239643,2297.1301,0
39.616667,56.915173,-12.225657,2304.4088,0
39.633333,56.711646,-12.211614,2311.6791,0
39.65,56.508355,-12.197516,2318.9411,0
39.666667,56.305298,-12.183361,2326.1947,0
39.683333,56.102479,-12.169151,2333.4399,0
39.7,55.899898,-12.154885,2340.6766,0
39.716667,55.697555,-12.140564,2347.9049,0
39.733333,55.495452,-12.126187,2355.1246,0
39.75,55.293589,-12.111754,2362.3358,0
39.766667,55.091968,-12.097266,2369.5384,0
39.783333,54.89059,-12.082723,2376.7324,0
39.8,54.689454,-12.068124,2383.9178,0
39.816667,54.488563,-12.05347,2391.0944,0
39.833333,54.287917,-12.03876,2398.2624,0
39.85,54.087517,-12.023996,2405.4216,0
39.866667,53.887364,-12.009177,2412.572,0
39.883333,53.687459,-11.994302,2419.7136,0
39.9,53.487803,-11.979373,2426.8464,0
39.916667,53.288396,-11.964389,2433.9703,0
39.933333,53.089241,-11.94935,2441.0852,0
39.95,52.890336,-11.934256,2448.1913,0
39.966667,52.691685,-11.919107,2455.2883,0
39.983333,52.493286,-11.903904,2462.3764,0
40,52.295142,-11.888647,2469.4554,0
40.016667,52.097253,-11.873335,2476.5253,0
40.033333,51.89962,-11.857969,2483.5861,0
40.05,51.702245,-11.842548,2490.6378,0
40.066667,51.505127,-11.827073,2497.6803,0
40.083333,51.308268,-11.811544,2504.7136,0
40.1,51.111668,-11.795961,2511.7377,0
40.116667,50.915329,-11.780324,2518.7525,0
40.133333,50.719252,-11.764633,2525.7581,0
40.15,50.523437,-11.748888,2532.7542,0
40.166667,50.327886,-11.73309,2539.7411,0
40.183333,50.132599,-11.717237,2546.7185,0
40.2,49.937576,-11.701331,2553.6865,0
40.216667,49.74282,-11.685372,2560.645,0
40.233333,49.548331,-11.669358,2567.5941,0
40.25,49.354109,-11.653292,2574.5336,0
40.266667,49.160157,-11.637172,2581.4636,0
40.283333,48.966473,-11.620998,2588.3839,0
40.3,48.77306,-11.604772,2595.2947,0
40.316667,48.579919,-11.588492,2602.1958,0
40.333333,48.38705,-11.57216,2609.0873,0
40.35,48.194453,-11.555774,2615.969,0
40.366667,48.002131,-11.539335,2622.841,0
40.383333,47.810084,-11.522844,2629.7032,0
40.4,47.618312,-11.5063,2636.5556,0
40.416667,47.426817,-11.489703,2643.3981,0
40.433333,47.235599,-11.473053,2650.2308,0
40.45,47.04466,-11.456351,2657.0536,0
40.466667,46.854,-11.439597,2663.8665,0
40.483333,46.66362,-11.42279,2670.6693,0
40.5,46.473522,-11.405931,2677.4622,0
40.516667,46.283705,-11.389019,2684.2451,0
40.533333,46.09417,-11.372056,2691.0179,0
40.55,45.90492,-11.35504,2697.7806,0
40.566667,45.715953,-11.337973,2704.5333,0
40.583333,45.527273,-11.320853,2711.2757,0
40.6,45.338878,-11.303682,2718.008,0
40.616667,45.15077,-11.286458,2724.7301,0
40.633333,44.962951,-11.269184,2731.4419,0
40.65,44.77542,-11.251857,2738.1434,0
40.666667,44.588178,-11.234479,2744.8347,0
40.683333,44.401227,-11.21705,2751.5156,0
40.7,44.214568,-11.199569,2758.1861,0
40.716667,44.028201,-11.182037,2764.8463,0
40.733333,43.842126,-11.164454,2771.496,0
40.75,43.656346,-11.146819,2778.1353,0
40.766667,43.470861,-11.129134,2784.7641,0
40.783333,43.285671,-11.111397,2791.3823,0
40.8,43.100777,-11.09361,2797.99,0
40.816667,42.916181,-11.075772,2804.5872,0
40.833333,42.731883,-11.057883,2811.1737,0
40.85,42.547884,-11.039944,2817.7496,0
40.866667,42.364185,-11.021954,2824.3148,0
40.883333,42.180786,-11.003913,2830.8694,0
40.9,41.997689,-10.985822,2837.4132,0
40.916667,41.814894,-10.967681,2843.9462,0
40.933333,41.632403,-10.94949,2850.4684,0
40.95,41.450215,-10.931248,2856.9799,0
40.966667,41.268333,-10.912957,2863.4805,0
40.983333,41.086756,-10.894615,2869.9702,0
41,40.905485,-10.876224,2876.449,0
41.016667,40.724522,-10.857782,2882.9168,0
41.033333,40.543868,-10.839291,2889.3737,0
41.05,40.363522,-10.820751,2895.8196,0
41.066667,40.183486,-10.802161,2902.2545,0
41.083333,40.00376,-10.783521,2908.6783,0
41.1,39.824346,-10.764832,2915.0911,0
41.116667,39.645245,-10.746094,2921.4927,0
41.133333,39.466456,-10.727306,2927.8832,0
41.15,39.287982,-10.708469,2934.2625,0
41.166667,39.109822,-10.689584,2940.6306,0
41.183333,38.931978,-10.670649,2946.9875,0
41.2,38.75445,-10.651666,2953.3331,0
41.216667,38.57724,-10.632633,2959.6674,0
41.233333,38.400347,-10.613552,2965.9904,0
41.25,38.223774,-10.594423,2972.3021,0
41.266667,38.047519,-10.575245,2978.6023,0
41.283333,37.871586,-10.556018,2984.8912,0
41.3,37.695973,-10.536744,2991.1687,0
41.316667,37.520683,-10.51742,2997.4346,0
41.333333,37.345716,-10.498049,3003.6891,0
41.35,37.171072,-10.47863,3009.9321,0
41.366667,36.996752,-10.459163,3016.1635,0
41.383333,36.822758,-10.439647,3022.3834,0
41.4,36.64909,-10.420084,3028.5916,0
41.416667,36.475749,-10.400474,3034.7882,0
41.433333,36.302735,-10.380815,3040.9732,0
41.45,36.13005,-10.361109,3047.1464,0
41.466667,35.957694,-10.341356,3053.308,0
41.483333,35.785668,-10.321555,3059.4578,0
41.5,35.613973,-10.301708,3065.5958,0
41.516667,35.44261,-10.281812,3071.722,0
41.533333,35.271578,-10.26187,3077.8364,0
41.55,35.10088,-10.241881,3083.9389,0
41.566667,34.930516,-10.221845,3090.0295,0
41.583333,34.760487,-10.201762,3096.1082,0
41.6,34.590793,-10.181632,3102.175,0
41.616667,34.421436,-10.161456,3108.2298,0
41.633333,34.252415,-10.141233,3114.2726,0
41.65,34.083732,-10.120964,3120.3034,0
41.666667,33.915388,-10.100649,3126.3221,0
41.683333,33.747383,-10.080287,3132.3288,0
41.7,33.579719,-10.059879,3138.3233,0
41.716667,33.412395,-10.039425,3144.3057,0
41.733333,33.245413,-10.018925,3150.276,0
41.75,33.078773,-9.998379,3156.234,0
41.766667,32.912477,-9.9777873,3162.1798,0
41.783333,32.746524,-9.9571499,3168.1134,0
41.8,32.580916,-9.936467,3174.0347,0
41.816667,32.415654,-9.9157385,3179.9437,0
41.833333,32.250738,-9.8949646,3185.8404,0
41.85,32.086169,-9.8741455,3191.7247,0
41.866667,31.921948,-9.8532811,3197.5967,0
41.883333,31.758075,-9.8323716,3203.4562,0
41.9,31.594551,-9.811417,3209.3033,0
41.916667,31.431378,-9.7904176,3215.138,0
41.933333,31.268555,-9.7693733,3220.9602,0
41.95,31.106083,-9.7482842,3226.7698,0
41.966667,30.943964,-9.7271506,3232.5669,0
41.983333,30.782198,-9.7059724,3238.3514,0
42,30.620785,-9.6847497,3244.1234,0
42.016667,30.459727,-9.6634827,3249.8827,0
42.033333,30.299024,-9.6421714,3255.6294,0
42.05,30.138678,-9.620816,3261.3634,0
42.066667,29.978687,-9.5994165,3267.0847,0
42.083333,29.819054,-9.5779731,3272.7932,0
42.1,29.65978,-9.5564858,3278.4891,0
42.116667,29.500864,-9.5349548,3284.1721,0
42.133333,29.342307,-9.5133801,3289.8423,0
42.15,29.184111,-9.4917618,3295.4997,0
42.166667,29.026276,-9.4701001,3301.1443,0
42.183333,28.868803,-9.448395,3306.776,0
42.2,28.711692,-9.4266466,3312.3947,0
42.216667,28.554945,-9.404855,3318.0006,0
42.233333,28.398561,-9.3830204,3323.5934,0
42.25,28.242542,-9.3611429,3329.1733,0
42.266667,28.086888,-9.3392224,3334.7402,0
42.283333,27.931601,-9.3172592,3340.294,0
42.3,27.77668,-9.2952534,3345.8348,0
42.316667,27.622126,-9.2732049,3351.3625,0
42.333333,27.467941,-9.251114,3356.8771,0
42.35,27.314125,-9.2289808,3362.3786,0
42.366667,27.160678,-9.2068052,3367.8668,0
42.383333,27.007602,-9.1845876,3373.3419,0
42.4,26.854896,-9.1623278,3378.8038,0
42.416667,26.702562,-9.1400261,3384.2525,0
42.433333,26.550601,-9.1176826,3389.6878,0
42.45,26.399013,-9.0952973,3395.1099,0
42.466667,26.247798,-9.0728703,3400.5187,0
42.483333,26.096958,-9.0504018,3405.9142,0
42.5,25.946493,-9.0278919,3411.2963,0
42.516667,25.796404,-9.0053406,3416.665,0
42.533333,25.646692,-8.9827481,3422.0202,0
42.55,25.497357,-8.9601144,3427.3621,0
42.566667,25.348399,-8.9374397,3432.6905,0
42.583333,25.19982,-8.9147241,3438.0054,0
42.6,25.051621,-8.8919677,3443.3068,0
42.616667,24.903801,-8.8691705,3448.5947,0
42.633333,24.756363,-8.8463327,3453.869,0
42.65,24.609305,-8.8234545,3459.1297,0
42.666667,24.462629,-8.8005358,3464.3768,0
42.683333,24.316336,-8.7775768,3469.6103,0
42.7,24.170427,-8.7545776,3474.8302,0
42.716667,24.024901,-8.7315384,3480.0363,0
42.733333,23.87976,-8.7084591,3485.2288,0
42.75,23.735005,-8.68534,3490.4075,0
42.766667,23.590635,-8.6621811,3495.5725,0
42.783333,23.446652,-8.6389825,3500.7238,0
42.8,23.303056,-8.6157444,3505.8612,0
42.816667,23.159848,-8.5924668,3510.9848,0
42.833333,23.017029,-8.5691499,3516.0945,0
42.85,22.874599,-8.5457937,3521.1904,0
42.866667,22.732559,-8.5223984,3526.2725,0
42.883333,22.59091,-8.4989641,3531.3405,0
42.9,22.449652,-8.4754909,3536.3947,0
42.916667,22.308785,-8.4519788,3541.4349,0
42.933333,22.168312,-8.4284281,3546.4611,0
42.95,22.028231,-8.4048387,3551.4733,0
42.966667,21.888544,-8.3812109,3556.4715,0
42.983333,21.749252,-8.3575447,3561.4556,0
43,21.610354,-8.3338402,3566.4257,0
43.016667,21.471853,-8.3100975,3571.3817,0
43.033333,21.333747,-8.2863168,3576.3235,0
43.05,21.196039,-8.2624982,3581.2512,0
43.066667,21.058728,-8.2386417,3586.1647,0
43.083333,20.921816,-8.2147475,3591.0641,0
43.1,20.785302,-8.1908156,3595.9492,0
43.116667,20.649188,-8.1668463,3600.8201,0
43.133333,20.513474,-8.1428396,3605.6768,0
43.15,20.378161,-8.1187955,3610.5192,0
43.166667,20.243249,-8.0947143,3615.3472,0
43.183333,20.108739,-8.0705961,3620.161,0
43.2,19.974632,-8.0464408,3624.9604,0
43.216667,19.840928,-8.0222488,3629.7455,0
43.233333,19.707627,-7.99802,3634.5161,0
43.25,19.574731,-7.9737545,3639.2724,0
43.266667,19.442241,-7.9494526,3644.0142,0
43.283333,19.310155,-7.9251142,3648.7416,0
43.3,19.178476,-7.9007396,3653.4545,0
43.316667,19.047204,-7.8763288,3658.1529,0
43.333333,18.91634,-7.8518819,3662.8368,0
43.35,18.785883,-7.8273991,3667.5061,0
43.366667,18.655835,-7.8028804,3672.1609,0
43.383333,18.526196,-7.778326,3676.8011,0
43.4,18.396967,-7.7537359,3681.4268,0
43.416667,18.268149,-7.7291104,3686.0377,0
43.433333,18.139741,-7.7044495,3690.6341,0
43.45,18.011745,-7.6797532,3695.2158,0
43.466667,17.884162,-7.6550219,3699.7827,0
43.483333,17.756991,-7.6302554,3704.335,0
43.5,17.630233,-7.6054541,3708.8726,0
43.516667,17.503889,-7.5806179,3713.3954,0
43.533333,17.37796,-7.5557469,3717.9034,0
43.55,17.252446,-7.5308414,3722.3967,0
43.566667,17.127348,-7.5059014,3726.8751,0
43.583333,17.002666,-7.4809271,3731.3387,0
43.6,16.878401,-7.4559184,3735.7875,0
43.616667,16.754553,-7.4308757,3740.2213,0
43.633333,16.631123,-7.4057989,3744.6403,0
43.65,16.508111,-7.3806881,3749.0444,0
43.666667,16.385519,-7.3555436,3753.4335,0
43.683333,16.263346,-7.3303654,3757.8077,0
43.7,16.141593,-7.3051537,3762.167,0
43.716667,16.020262,-7.2799085,3766.5112,0
43.733333,15.899351,-7.2546299,3770.8404,0
43.75,15.778862,-7.2293182,3775.1546,0
43.766667,15.658796,-7.2039733,3779.4537,0
43.783333,15.539153,-7.1785954,3783.7377,0
43.8,15.419933,-7.1531847,3788.0067,0
43.816667,15.301138,-7.1277412,3792.2606,0
43.833333,15.182766,-7.1022651,3796.4993,0
43.85,15.064821,-7.0767564,3800.7228,0
43.866667,14.9473,-7.0512154,3804.9312,0
43.883333,14.830206,-7.025642,3809.1245,0
43.9,14.713539,-7.0000365,3813.3025,0
43.916667,14.597299,-6.9743989,3817.4652,0
43.933333,14.481487,-6.9487294,3821.6128,0
43.95,14.366103,-6.9230281,3825.745,0
43.966667,14.251148,-6.8972951,3829.862,0
43.983333,14.136623,-6.8715305,3833.9637,0
44,14.022527,-6.8457344,3838.05,0
44.016667,13.908862,-6.8199069,3842.1211,0
44.033333,13.795628,-6.7940483,3846.1767,0
44.05,13.682825,-6.7681585,3850.217,0
44.066667,13.570455,-6.7422378,3854.2419,0
44.083333,13.458516,-6.7162861,3858.2514,0
44.1,13.347011,-6.6903037,3862.2454,0
44.116667,13.23594,-6.6642907,3866.224,0
44.133333,13.125302,-6.6382471,3870.1871,0
44.15,13.0151,-6.6121732,3874.1347,0
44.166667,12.905332,-6.586069,3878.0668,0
44.183333,12.795999,-6.5599346,3881.9834,0
44.2,12.687103,-6.5337702,3885.8845,0
44.216667,12.578644,-6.5075758,3889.77,0
44.233333,12.470621,-6.4813517,3893.6399,0
44.25,12.363036,-6.4550979,3897.4942,0
44.266667,12.255889,-6.4288145,3901.3329,0
44.283333,12.149181,-6.4025017,3905.156,0
44.3,12.042912,-6.3761595,3908.9635,0
44.316667,11.937082,-6.3497882,3912.7552,0
44.333333,11.831692,-6.3233878,3916.5313,0
44.35,11.726743,-6.2969584,3920.2917,0
44.366667,11.622234,-6.2705002,3924.0364,0
44.383333,11.518167,-6.2440133,3927.7653,0
44.4,11.414543,-6.2174978,3931.4785,0
44.416667,11.31136,-6.1909538,3935.1759,0
44.433333,11.20862,-6.1643815,3938.8575,0
44.45,11.106324,-6.1377809,3942.5234,0
44.466667,11.004471,-6.1111522,3946.1734,0
44.483333,10.903063,-6.0844956,3949.8076,0
44.5,10.8021,-6.0578111,3953.4259,0
44.516667,10.701581,-6.0310988,3957.0283,0
44.533333,10.601509,-6.004359,3960.6149,0
44.55,10.501882,-5.9775916,3964.1856,0
44.566667,10.402702,-5.9507968,3967.7403,0
44.583333,10.303969,-5.9239749,3971.2791,0
44.6,10.205684,-5.8971258,3974.802,0
44.616667,10.107846,-5.8702496,3978.3089,0
44.633333,10.010457,-5.8433466,3981.7998,0
44.65,9.9135169,-5.8164169,3985.2747,0
44.666667,9.8170259,-5.7894605,3988.7336,0
44.683333,9.7209846,-5.7624776,3992.1765,0
44.7,9.6253935,-5.7354683,3995.6033,0
44.716667,9.5302529,-5.7084327,3999.0141,0
44.733333,9.4355634,-5.681371,4002.4088,0
44.75,9.3413254,-5.6542833,4005.7874,0
44.766667,9.2475392,-5.6271697,4009.1499,0
44.783333,9.1542054,-5.6000303,4012.4962,0
44.8,9.0613243,-5.5728653,4015.8265,0
44.816667,8.9688964,-5.5456748,4019.1405,0
44.833333,8.876922,-5.5184589,4022.4384,0
44.85,8.7854018,-5.4912177,4025.7201,0
44.866667,8.6943359,-5.4639513,4028.9856,0
44.883333,8.6037249,-5.43666,4032.2349,0
44.9,8.5135692,-5.4093437,4035.468,0
44.916667,8.4238691,-5.3820027,4038.6848,0
44.933333,8.3346252,-5.354637,4041.8854,0
44.95,8.2458377,-5.3272468,4045.0697,0
44.966667,8.1575072,-5.2998322,4048.2377,0
44.983333,8.069634,-5.2723933,4051.3894,0
45,7.9822185,-5.2449303,4054.5248,0
45.016667,7.8952611,-5.2174433,4057.6438,0
45.033333,7.8087622,-5.1899324,4060.7465,0
45.05,7.7227222,-5.1623977,4063.8329,0
45.066667,7.6371416,-5.1348394,4066.9028,0
45.083333,7.5520206,-5.1072575,4069.9564,0
45.1,7.4673598,-5.0796523,4072.9936,0
45.116667,7.3831594,-5.0520239,4076.0144,0
45.133333,7.2994198,-5.0243722,4079.0187,0
45.15,7.2161415,-4.9966976,4082.0066,0
45.166667,7.1333249,-4.9690001,4084.978,0
45.183333,7.0509702,-4.9412798,4087.933,0
45.2,6.9690779,-4.913537,4090.8715,0
45.216667,6.8876484,-4.8857716,4093.7934,0
45.233333,6.806682,-4.8579838,4096.6989,0
45.25,6.7261791,-4.8301738,4099.5879,0
45.266667,6.6461401,-4.8023417,4102.4603,0
45.283333,6.5665653,-4.7744876,4105.3161,0
45.3,6.4874551,-4.7466116,4108.1554,0
45.316667,6.4088098,-4.7187139,4110.9781,0
45.333333,6.3306299,-4.6907946,4113.7842,0
45.35,6.2529157,-4.6628538,4116.5738,0
45.366667,6.1756675,-4.6348916,4119.3467,0
45.383333,6.0988857,-4.6069082,4122.1029,0
45.4,6.0225706,-4.5789037,4124.8426,0
45.416667,5.9467227,-4.5508783,4127.5655,0
45.433333,5.8713421,-4.522832,4130.2719,0
45.45,5.7964294,-4.494765,4132.9615,0
45.466667,5.7219848,-4.4666775,4135.6344,0
45.483333,5.6480086,-4.4385694,4138.2907,0
45.5,5.5745013,-4.4104411,4140.9302,0
45.516667,5.501463,-4.3822925,4143.553,0
45.533333,5.4288943,-4.3541239,4146.1591,0
45.55,5.3567954,-4.3259353,4148.7484,0
45.566667,5.2851666,-4.297727,4151.3209,0
45.583333,5.2140083,-4.2694989,4153.8767,0
45.6,5.1433208,-4.2412513,4156.4157,0
45.616667,5.0731044,-4.2129843,4158.9378,0
45.633333,5.0033594,-4.184698,4161.4432,0
45.65,4.9340862,-4.1563925,4163.9318,0
45.666667,4.8652851,-4.128068,4166.4035,0
45.683333,4.7969563,-4.0997246,4168.8584,0
45.7,4.7291003,-4.0713624,4171.2964,0
45.716667,4.6617172,-4.0429816,4173.7175,0
45.733333,4.5948075,-4.0145823,4176.1218,0
45.75,4.5283715,-3.9861645,4178.5092,0
45.766667,4.4624093,-3.9577286,4180.8797,0
45.783333,4.3969214,-3.9292745,4183.2333,0
45.8,4.331908,-3.9008024,4185.5699,0
45.816667,4.2673695,-3.8723124,4187.8897,0
45.833333,4.2033061,-3.8438047,4190.1924,0
45.85,4.1397181,-3.8152794,4192.4783,0
45.866667,4.0766058,-3.7867367,4194.7471,0
45.883333,4.0139695,-3.7581766,4196.999,0
45.9,3.9518096,-3.7295993,4199.2339,0
45.916667,3.8901261,-3.7010049,4201.4519,0
45.933333,3.8289196,-3.6723935,4203.6528,0
45.95,3.7681902,-3.6437654,4205.8367,0
45.966667,3.7079382,-3.6151205,4208.0035,0
45.983333,3.6481638,-3.5864592,4210.1534,0
46,3.5888675,-3.5577813,4212.2862,0
46.016667,3.5300494,-3.5290872,4214.4019,0
46.033333,3.4717097,-3.500377,4216.5006,0
46.05,3.4138489,-3.4716507,4218.5822,0
46.066667,3.3564671,-3.4429085,4220.6467,0
46.083333,3.2995646,-3.4141505,4222.6941,0
46.1,3.2431416,-3.3853769,4224.7244,0
46.116667,3.1871985,-3.3565878,4226.7377,0
46.133333,3.1317354,-3.3277833,4228.7338,0
46.15,3.0767527,-3.2989636,4230.7127,0
46.166667,3.0222506,-3.2701288,4232.6745,0
46.183333,2.9682293,-3.241279,4234.6192,0
46.2,2.914689,-3.2124144,4236.5467,0
46.216667,2.8616301,-3.1835351,4238.4571,0
46.233333,2.8090527,-3.1546411,4240.3503,0
46.25,2.7569572,-3.1257328,4242.2263,0
46.266667,2.7053437,-3.0968101,4244.0851,0
46.283333,2.6542125,-3.0678732,4245.9267,0
46.3,2.6035638,-3.0389223,4247.7511,0
46.316667,2.5533978,-3.0099575,4249.5583,0
46.333333,2.5037148,-2.9809789,4251.3482,0
46.35,2.4545151,-2.9519866,4253.121,0
46.366667,2.4057987,-2.9229809,4254.8765,0
46.383333,2.357566,-2.8939617,4256.6147,0
46.4,2.3098172,-2.8649293,4258.3357,0
46.416667,2.2625525,-2.8358837,4260.0394,0
46.433333,2.215772,-2.8068252,4261.7258,0
46.45,2.1694761,-2.7777539,4263.395,0
46.466667,2.123665,-2.7486698,4265.0469,0
46.483333,2.0783388,-2.7195731,4266.6814,0
46.5,2.0334977,-2.690464,4268.2987,0
46.516667,1.989142,-2.6613425,4269.8987,0
46.533333,1.9452718,-2.6322089,4271.4813,0
46.55,1.9018875,-2.6030632,4273.0466,0
46.566667,1.858989,-2.5739056,4274.5946,0
46.583333,1.8165768,-2.5447362,4276.1253,0
46.6,1.7746508,-2.5155551,4277.6386,0
46.616667,1.7332115,-2.4863625,4279.1345,0
46.633333,1.6922588,-2.4571586,4280.6131,0
46.65,1.6517931,-2.4279434,4282.0743,0
46.666667,1.6118145,-2.3987171,4283.5182,0
46.683333,1.5723232,-2.3694797,4284.9446,0
46.7,1.5333193,-2.3402316,4286.3537,0
46.716667,1.4948031,-2.3109727,4287.7454,0
46.733333,1.4567747,-2.2817032,4289.1197,0
46.75,1.4192343,-2.2524233,4290.4766,0
46.766667,1.3821821,-2.2231331,4291.816,0
46.783333,1.3456182,-2.1938327,4293.1381,0
46.8,1.3095428,-2.1645223,4294.4427,0
46.816667,1.2739561,-2.1352019,4295.7299,0
46.833333,1.2388583,-2.1058718,4296.9997,0
46.85,1.2042494,-2.076532,4298.252,0
46.866667,1.1701297,-2.0471827,4299.4869,0
46.883333,1.1364993,-2.017824,4300.7043,0
46.9,1.1033584,-1.9884561,4301.9042,0
46.916667,1.070707,-1.9590791,4303.0867,0
46.933333,1.0385455,-1.9296931,4304.2518,0
46.95,1.0068739,-1.9002983,4305.3993,0
46.966667,0.97569228,-1.8708948,4306.5294,0
46.983333,0.9450009,-1.8414827,4307.642,0
47,0.91479986,-1.8120622,4308.7371,0
47.016667,0.8850893,-1.7826334,4309.8147,0
47.033333,0.85586936,-1.7531964,4310.8747,0
47.05,0.82714018,-1.7237514,4311.9173,0
47.066667,0.79890187,-1.6942985,4312.9424,0
47.083333,0.77115457,-1.6648378,4313.95,0
47.1,0.74389841,-1.6353695,4314.94,0
47.116667,0.71713352,-1.6058938,4315.9125,0
47.133333,0.69086,-1.5764106,4316.8675,0
47.15,0.665078,-1.5469203,4317.805,0
47.166667,0.63978762,-1.5174229,4318.7249,0
47.183333,0.61498898,-1.4879185,4319.6273,0
47.2,0.59068219,-1.4584073,4320.5121,0
47.216667,0.56686737,-1.4288894,4321.3794,0
47.233333,0.54354462,-1.399365,4322.2291,0
47.25,0.52071405,-1.3698342,4323.0613,0
47.266667,0.49837576,-1.3402971,4323.8759,0
47.283333,0.47652986,-1.3107539,4324.673,0
47.3,0.45517645,-1.2812046,4325.4525,0
47.316667,0.43431563,-1.2516495,4326.2144,0
47.333333,0.41394748,-1.2220887,4326.9587,0
47.35,0.39407211,-1.1925223,4327.6854,0
47.366667,0.3746896,-1.1629504,4328.3946,0
47.383333,0.35580005,-1.1333732,4329.0862,0
47.4,0.33740354,-1.1037908,4329.7602,0
47.416667,0.31950015,-1.0742033,4330.4166,0
47.433333,0.30208997,-1.0446109,4331.0554,0
47.45,0.28517307,-1.0150138,4331.6766,0
47.466667,0.26874954,-0.98541196,4332.2802,0
47.483333,0.25281945,-0.95580563,4332.8662,0
47.5,0.23738286,-0.92619494,4333.4346,0
47.516667,0.22243986,-0.89658,4333.9854,0
47.533333,0.20799051,-0.86696095,4334.5186,0
47.55,0.19403488,-0.83733794,4335.0341,0
47.566667,0.18057303,-0.80771109,4335.5321,0
47.583333,0.16760502,-0.77808054,4336.0124,0
47.6,0.15513091,-0.74844643,4336.4751,0
47.616667,0.14315077,-0.71880889,4336.9202,0
47.633333,0.13166463,-0.68916806,4337.3477,0
47.65,0.12067256,-0.65952407,4337.7575,0
47.666667,0.11017461,-0.62987707,4338.1497,0
47.683333,0.10017083,-0.60022718,4338.5243,0
47.7,0.090661251,-0.57057454,4338.8812,0
47.716667,0.08164593,-0.54091928,4339.2205,0
47.733333,0.073124904,-0.51126156,4339.5422,0
47.75,0.065098212,-0.48160148,4339.8462,0
47.766667,0.057565892,-0.45193921,4340.1326,0
47.783333,0.050527978,-0.42227487,4340.4014,0
47.8,0.043984501,-0.39260859,4340.6525,0
47.816667,0.037935493,-0.36294051,4340.886,0
47.833333,0.03238098,-0.33327077,4341.1018,0
47.85,0.027320988,-0.30359951,4341.3,0
47.866667,0.02275554,-0.27392686,4341.4806,0
47.883333,0.018684658,-0.24425294,4341.6435,0
47.9,0.015108359,-0.21457792,4341.7887,0
47.916667,0.012026661,-0.18490191,4341.9163,0
47.933333,0.0094395764,-0.15522505,4342.0263,0
47.95,0.0073471183,-0.12554749,4342.1186,0
47.966667,0.005749296,-0.095869338,4342.1932,0
47.983333,0.0046461166,-0.066190764,4342.2503,0
48,0.0040375854,-0.036511872,4342.2896,0
48.016667,0.003923705,-0.006832824,4342.3113,0
48.033333,0.004304476,0.02284626,4342.3154,0
48.05,0.0051798967,0.052525242,4342.3018,0
48.066667,0.0065499629,0.082203972,4342.2706,0
48.083333,0.0084146686,0.11188234,4342.2217,0
48.1,0.010774005,0.14156018,4342.1552,0
48.116667,0.013627962,0.17123739,4342.071,0
48.133333,0.016976525,0.2009138,4341.9691,0
48.15,0.02081968,0.23058931,4341.8497,0
48.166667,0.025157409,0.26026374,4341.7125,0
48.183333,0.029989692,0.289937,4341.5578,0
48.2,0.035316507,0.31960891,4341.3853,0
48.216667,0.04113783,0.34927937,4341.1953,0
48.233333,0.047453634,0.37894823,4340.9876,0
48.25,0.05426389,0.40861535,4340.7622,0
48.266667,0.061568567,0.43828061,4340.5192,0
48.283333,0.069367631,0.46794385,4340.2586,0
48.3,0.077661047,0.49760495,4339.9803,0
48.316667,0.086448777,0.52726378,4339.6844,0
48.333333,0.09573078,0.55692019,4339.3708,0
48.35,0.10550701,0.58657405,4339.0397,0
48.366667,0.11577743,0.61622522,4338.6908,0
48.383333,0.12654199,0.64587357,4338.3244,0
48.4,0.13780064,0.67551896,4337.9403,0
48.416667,0.14955333,0.70516126,4337.5386,0
48.433333,0.1618,0.73480033,4337.1192,0
48.45,0.1745406,0.76443604,4336.6823,0
48.466667,0.18777507,0.79406824,4336.2277,0
48.483333,0.20150335,0.82369682,4335.7554,0
48.5,0.21572538,0.85332161,4335.2656,0
48.516667,0.23044109,0.8829425,4334.7582,0
48.533333,0.24565041,0.91255935,4334.2331,0
48.55,0.26135328,0.94217202,4333.6904,0
48.566667,0.27754962,0.97178037,4333.1301,0
48.583333,0.29423936,1.0013843,4332.5522,0
48.6,0.31142242,1.0309836,4331.9567,0
48.616667,0.32909872,1.0605782,4331.3436,0
48.633333,0.34726819,1.0901679,4330.7129,0
48.65,0.36593073,1.1197527,4330.0646,0
48.666667,0.38508627,1.1493323,4329.3987,0
48.683333,0.40473471,1.1789067,4328.7152,0
48.7,0.42487597,1.2084756,4328.0142,0
48.716667,0.44550996,1.238039,4327.2955,0
48.733333,0.46663657,1.2675968,4326.5593,0
48.75,0.48825572,1.2971487,4325.8055,0
48.766667,0.5103673,1.3266948,4325.0341,0
48.783333,0.53297121,1.3562347,4324.2451,0
48.8,0.55606735,1.3857684,4323.4386,0
48.816667,0.57965561,1.4152958,4322.6145,0
48.833333,0.60373589,1.4448167,4321.7729,0
48.85,0.62830807,1.474331,4320.9136,0
48.866667,0.65337205,1.5038385,4320.0369,0
48.883333,0.6789277,1.5333392,4319.1426,0
48.9,0.70497491,1.5628328,4318.2307,0
48.916667,0.73151357,1.5923193,4317.3014,0
48.933333,0.75854354,1.6217984,4316.3544,0
48.95,0.78606471,1.6512702,4315.39,0
48.966667,0.81407695,1.6807344,4314.408,0
48.983333,0.84258013,1.7101909,4313.4085,0
49,0.87157412,1.7396395,4312.3915,0
49.016667,0.90105879,1.7690802,4311.357,0
49.033333,0.93103401,1.7985128,4310.3049,0
49.05,0.96149963,1.8279372,4309.2354,0
49.066667,0.99245551,1.8573531,4308.1484,0
49.083333,1.0239015,1.8867606,4307.0438,0
49.1,1.0558375,1.9161595,4305.9218,0
49.116667,1.0882633,1.9455495,4304.7823,0
49.133333,1.1211789,1.9749307,4303.6253,0
49.15,1.1545839,2.0043028,4302.4509,0
49.166667,1.1884783,2.0336657,4301.259,0
49.183333,1.222862,2.0630194,4300.0496,0
49.2,1.2577347,2.0923635,4298.8228,0
49.216667,1.2930963,2.1216981,4297.5785,0
49.233333,1.3289467,2.151023,4296.3167,0
49.25,1.3652857,2.180338,4295.0376,0
49.266667,1.4021131,2.2096431,4293.741,0
49.283333,1.4394287,2.238938,4292.4269,0
49.3,1.4772324,2.2682227,4291.0955,0
49.316667,1.515524,2.297497,4289.7466,0
49.333333,1.5543034,2.3267607,4288.3804,0
49.35,1.5935703,2.3560139,4286.9967,0
49.366667,1.6333246,2.3852562,4285.5956,0
49.383333,1.673566,2.4144876,4284.1771,0
49.4,1.7142945,2.4437079,4282.7413,0
49.416667,1.7555098,2.4729171,4281.2881,0
49.433333,1.7972117,2.5021149,4279.8175,0
49.45,1.8394,2.5313013,4278.3295,0
49.466667,1.8820746,2.5604761,4276.8242,0
49.483333,1.9252353,2.5896391,4275.3016,0
49.5,1.9688818,2.6187903,4273.7616,0
49.516667,2.0130139,2.6479295,4272.2042,0
49.533333,2.0576316,2.6770566,4270.6295,0
49.55,2.1027344,2.7061714,4269.0376,0
49.566667,2.1483223,2.7352738,4267.4283,0
49.583333,2.194395,2.7643638,4265.8016,0
49.6,2.2409524,2.793441,4264.1577,0
49.616667,2.2879942,2.8225054,4262.4965,0
49.633333,2.3355201,2.851557,4260.818,0
49.65,2.38353,2.8805954,4259.1223,0
49.666667,2.4320237,2.9096207,4257.4093,0
49.683333,2.4810009,2.9386327,4255.679,0
49.7,2.5304614,2.9676312,4253.9314,0
49.716667,2.580405,2.9966161,4252.1666,0
49.733333,2.6308315,3.0255873,4250.3846,0
49.75,2.6817406,3.0545446,4248.5853,0
49.766667,2.733132,3.0834879,4246.7689,0
49.783333,2.7850057,3.1124172,4244.9352,0
49.8,2.8373612,3.1413321,4243.0843,0
49.816667,2.8901984,3.1702327,4241.2162,0
49.833333,2.943517,3.1991188,4239.3309,0
49.85,2.9973169,3.2279902,4237.4285,0
49.866667,3.0515977,3.2568469,4235.5089,0
49.883333,3.1063591,3.2856886,4233.5721,0
49.9,3.1616011,3.3145153,4231.6182,0
49.916667,3.2173232,3.3433268,4229.6471,0
49.933333,3.2735252,3.372123,4227.6589,0
49.95,3.330207,3.4009037,4225.6536,0
49.966667,3.3873681,3.4296689,4223.6311,0
49.983333,3.4450084,3.4584184,4221.5916,0
50,3.5031276,3.487152,4219.5349,0
50.016667,3.5617254,3.5158697,4217.4612,0
50.033333,3.6208016,3.5445712,4215.3704,0
50.05,3.6803559,3.5732566,4213.2625,0
50.066667,3.740388,3.6019255,4211.1375,0
50.083333,3.8008976,3.630578,4208.9955,0
50.1,3.8618845,3.6592139,4206.8365,0
50.116667,3.9233484,3.687833,4204.6604,0
50.133333,3.985289,3.7164352,4202.4674,0
50.15,4.047706,3.7450204,4200.2573,0
50.166667,4.1105991,3.7735884,4198.0302,0
50.183333,4.1739681,3.8021392,4195.7861,0
50.2,4.2378127,3.8306725,4193.5251,0
50.216667,4.3021325,3.8591883,4191.247,0
50.233333,4.3669272,3.8876865,4188.9521,0
50.25,4.4321967,3.9161668,4186.6401,0
50.266667,4.4979405,3.9446292,4184.3113,0
50.283333,4.5641584,3.9730736,4181.9655,0
50.3,4.6308501,4.0014997,4179.6028,0
50.316667,4.6980152,4.0299075,4177.2232,0
50.333333,4.7656535,4.0582969,4174.8267,0
50.35,4.8337646,4.0866677,4172.4133,0
50.366667,4.9023483,4.1150197,4169.983,0
50.383333,4.9714041,4.143353,4167.5359,0
50.4,5.0409319,4.1716672,4165.072,0
50.416667,5.1109313,4.1999624,4162.5911,0
50.433333,5.1814019,4.2282383,4160.0935,0
50.45,5.2523435,4.2564948,4157.5791,0
50.466667,5.3237557,4.2847319,4155.0478,0
50.483333,5.3956382,4.3129493,4152.4998,0
50.5,5.4679907,4.341147,4149.935,0
50.516667,5.5408127,4.3693249,4147.3534,0
50.533333,5.6141041,4.3974827,4144.755,0
50.55,5.6878645,4.4256203,4142.1399,0
50.566667,5.7620934,4.4537377,4139.5081,0
50.583333,5.8367907,4.4818347,4136.8596,0
50.6,5.9119559,4.5099112,4134.1943,0
50.616667,5.9875886,4.5379671,4131.5124,0
50.633333,6.0636887,4.5660021,4128.8137,0
50.65,6.1402556,4.5940163,4126.0984,0
50.666667,6.2172891,4.6220094,4123.3664,0
50.683333,6.2947888,4.6499813,4120.6178,0
50.7,6.3727543,4.677932,4117.8526,0
50.716667,6.4511853,4.7058612,4115.0707,0
50.733333,6.5300815,4.7337689,4112.2722,0
50.75,6.6094424,4.7616549,4109.4572,0
50.766667,6.6892677,4.7895191,4106.6255,0
50.783333,6.7695571,4.8173613,4103.7773,0
50.8,6.8503101,4.8451815,4100.9125,0
50.816667,6.9315264,4.8729796,4098.0312,0
50.833333,7.0132057,4.9007553,4095.1333,0
50.85,7.0953475,4.9285085,4092.2189,0
50.866667,7.1779515,4.9562392,4089.2881,0
50.883333,7.2610173,4.9839472,4086.3407,0
50.9,7.3445445,5.0116324,4083.3768,0
50.916667,7.4285327,5.0392946,4080.3965,0
50.933333,7.5129816,5.0669338,4077.3998,0
50.95,7.5978908,5.0945497,4074.3866,0
50.966667,7.6832598,5.1221423,4071.3569,0
50.983333,7.7690883,5.1497115,4068.3109,0
51,7.855376,5.1772571,4065.2485,0
51.016667,7.9421223,5.2047789,4062.1697,0
51.033333,8.0293269,5.232277,4059.0745,0
51.05,8.1169894,5.2597511,4055.963,0
51.066667,8.2051094,5.2872011,4052.8351,0
51.083333,8.2936865,5.3146268,4049.6909,0
51.1,8.3827203,5.3420283,4046.5304,0
51.116667,8.4722104,5.3694053,4043.3536,0
51.133333,8.5621564,5.3967577,4040.1605,0
51.15,8.6525578,5.4240853,4036.9512,0
51.166667,8.7434143,5.4513882,4033.7256,0
51.183333,8.8347254,5.4786661,4030.4838,0
51.2,8.9264907,5.5059189,4027.2257,0
51.216667,9.0187098,5.5331465,4023.9515,0
51.233333,9.1113823,5.5603487,4020.661,0
51.25,9.2045077,5.5875255,4017.3544,0
51.266667,9.2980857,5.6146767,4014.0316,0
51.283333,9.3921157,5.6418022,4010.6927,0
51.3,9.4865974,5.6689018,4007.3376,0
51.316667,9.5815303,5.6959755,4003.9665,0
51.333333,9.676914,5.7230231,4000.5792,0
51.35,9.7727481,5.7500445,3997.1758,0
51.366667,9.8690321,5.7770396,3993.7564,0
51.383333,9.9657656,5.8040082,3990.3209,0
51.4,10.062948,5.8309502,3986.8694,0
51.416667,10.160579,5.8578656,3983.4018,0
51.433333,10.258658,5.8847541,3979.9183,0
51.45,10.357185,5.9116156,3976.4187,0
51.466667,10.456159,5.9384501,3972.9032,0
51.483333,10.55558,5.9652574,3969.3717,0
51.5,10.655448,5.9920374,3965.8243,0
51.516667,10.755761,6.01879,3962.261,0
51.533333,10.856519,6.0455149,3958.6817,0
51.55,10.957723,6.0722122,3955.0866,0
51.566667,11.059371,6.0988817,3951.4756,0
51.583333,11.161463,6.1255233,3947.8487,0
51.6,11.263999,6.1521368,3944.206,0
51.616667,11.366977,6.1787222,3940.5474,0
51.633333,11.470399,6.2052792,3936.8731,0
51.65,11.574262,6.2318078,3933.1829,0
51.666667,11.678567,6.258308,3929.477,0
51.683333,11.783314,6.2847794,3925.7553,0
51.7,11.888501,6.311222,3922.0179,0
51.716667,11.994128,6.3376358,3918.2647,0
51.733333,12.100195,6.3640205,3914.4959,0
51.75,12.206701,6.3903761,3910.7113,0
51.766667,12.313646,6.4167025,3906.9111,0
51.783333,12.42103,6.4429994,3903.0952,0
51.8,12.528851,6.4692669,3899.2637,0
51.816667,12.637109,6.4955047,3895.4166,0
51.833333,12.745804,6.5217128,3891.5538,0
51.85,12.854936,6.547891,3887.6755,0
51.866667,12.964503,6.5740392,3883.7816,0
51.883333,13.074506,6.6001573,3879.8722,0
51.9,13.184943,6.6262452,3875.9472,0
51.916667,13.295815,6.6523028,3872.0067,0
51.933333,13.40712,6.6783299,3868.0507,0
51.95,13.518859,6.7043264,3864.0792,0
51.966667,13.631031,6.7302922,3860.0923,0
51.983333,13.743635,6.7562272,3856.0899,0
52,13.85667,6.7821313,3852.0722,0
52.016667,13.970137,6.8080043,3848.039,0
52.033333,14.084034,6.8338461,3843.9904,0
52.05,14.198362,6.8596566,3839.9264,0
52.066667,14.313119,6.8854357,3835.8471,0
52.083333,14.428305,6.9111833,3831.7525,0
52.1,14.54392,6.9368993,3827.6426,0
52.116667,14.659964,6.9625835,3823.5174,0
52.133333,14.776434,6.9882357,3819.3768,0
52.15,14.893332,7.013856,3815.2211,0
52.166667,15.010656,7.0394442,3811.0501,0
52.183333,15.128406,7.0650002,3806.8639,0
52.2,15.246581,7.0905237,3802.6625,0
52.216667,15.365181,7.1160149,3798.4459,0
52.233333,15.484206,7.1414734,3794.2141,0
52.25,15.603654,7.1668992,3789.9673,0
52.266667,15.723526,7.1922922,3785.7052,0
52.283333,15.84382,7.2176523,3781.4281,0
52.3,15.964536,7.2429793,3777.136,0
52.316667,16.085674,7.2682732,3772.8287,0
52.333333,16.207233,7.2935338,3768.5064,0
52.35,16.329213,7.3187609,3764.1691,0
52.366667,16.451612,7.3439546,3759.8168,0
52.383333,16.57443,7.3691146,3755.4495,0
52.4,16.697668,7.3942409,3751.0672,0
52.416667,16.821323,7.4193333,3746.67,0
52.433333,16.945396,7.4443918,3742.2579,0
52.45,17.069887,7.4694162,3737.8309,0
52.466667,17.194793,7.4944063,3733.389,0
52.483333,17.320116,7.5193622,3728.9322,0
52.5,17.445854,7.5442836,3724.4606,0
52.516667,17.572007,7.5691704,3719.9742,0
52.533333,17.698574,7.5940226,3715.4729,0
52.55,17.825555,7.61884,3710.9569,0
52.566667,17.952949,7.6436226,3706.4262,0
52.583333,18.080755,7.6683701,3701.8807,0
52.6,18.208973,7.6930825,3697.3204,0
52.616667,18.337602,7.7177597,3692.7455,0
52.633333,18.466642,7.7424016,3688.1559,0
52.65,18.596092,7.767008,3683.5517,0
52.666667,18.725952,7.7915788,3678.9328,0
52.683333,18.85622,7.816114,3674.2993,0
52.7,18.986897,7.8406133,3669.6512,0
52.716667,19.117982,7.8650768,3664.9886,0
52.733333,19.249474,7.8895042,3660.3114,0
52.75,19.381372,7.9138955,3655.6197,0
52.766667,19.513676,7.9382506,3650.9134,0
52.783333,19.646386,7.9625693,3646.1927,0
52.8,19.7795,7.9868516,3641.4575,0
52.816667,19.913018,8.0110973,3636.7079,0
52.833333,20.04694,8.0353063,3631.9439,0
52.85,20.181264,8.0594785,3627.1655,0
52.866667,20.315991,8.0836138,3622.3727,0
52.883333,20.45112,8.107712,3617.5655,0
52.9,20.586649,8.1317732,3612.744,0
52.916667,20.722579,8.1557971,3607.9082,0
52.933333,20.858909,8.1797837,3603.0581,0
52.95,20.995638,8.2037328,3598.1938,0
52.966667,21.132765,8.2276443,3593.3152,0
52.983333,21.270291,8.2515182,3588.4224,0
53,21.408213,8.2753543,3583.5154,0
53.016667,21.546533,8.2991525,3578.5942,0
53.033333,21.685248,8.3229127,3573.6589,0
53.05,21.824358,8.3466348,3568.7094,0
53.066667,21.963864,8.3703186,3563.7458,0
53.083333,22.103763,8.3939641,3558.7682,0
53.1,22.244056,8.4175712,3553.7765,0
53.116667,22.384742,8.4411398,3548.7707,0
53.133333,22.525819,8.4646696,3543.7509,0
53.15,22.667289,8.4881608,3538.7172,0
53.166667,22.809149,8.511613,3533.6694,0
53.183333,22.951399,8.5350263,3528.6078,0
53.2,23.094039,8.5584005,3523.5322,0
53.216667,23.237068,8.5817355,3518.4427,0
53.233333,23.380485,8.6050312,3513.3393,0
53.25,23.52429,8.6282875,3508.222,0
53.266667,23.668482,8.6515043,3503.091,0
53.283333,23.81306,8.6746815,3497.9461,0
53.3,23.958024,8.6978189,3492.7875,0
53.316667,24.103372,8.7209166,3487.6151,0
53.333333,24.249105,8.7439742,3482.4289,0
53.35,24.395222,8.7669919,3477.229,0
53.366667,24.541721,8.7899694,3472.0155,0
53.383333,24.688603,8.8129066,3466.7883,0
53.4,24.835866,8.8358035,3461.5474,0
53.416667,24.983511,8.85866,3456.293,0
53.433333,25.131535,8.8814758,3451.0249,0
53.45,25.27994,8.904251,3445.7433,0
53.466667,25.428723,8.9269855,3440.4481,0
53.483333,25.577884,8.949679,3435.1394,0
53.5,25.727423,8.9723316,3429.8172,0
53.516667,25.877338,8.994943,3424.4816,0
53.533333,26.02763,9.0175133,3419.1325,0
53.55,26.178298,9.0400423,3413.7699,0
53.566667,26.32934,9.0625299,3408.394,0
53.583333,26.480756,9.084976,3403.0047,0
53.6,26.632546,9.1073805,3397.6021,0
53.616667,26.784708,9.1297433,3392.1861,0
53.633333,26.937243,9.1520643,3386.7568,0
53.65,27.090148,9.1743433,3381.3143,0
53.666667,27.243425,9.1965804,3375.8585,0
53.683333,27.397071,9.2187754,3370.3895,0
53.7,27.551086,9.2409281,3364.9073,0
53.716667,27.70547,9.2630385,3359.4119,0
53.733333,27.860222,9.2851065,3353.9033,0
53.75,28.015341,9.307132,3348.3817,0
53.766667,28.170826,9.3291149,3342.8469,0
53.783333,28.326677,9.351055,3337.2991,0
53.8,28.482893,9.3729523,3331.7382,0
53.816667,28.639473,9.3948067,3326.1643,0
53.833333,28.796417,9.4166181,3320.5774,0
53.85,28.953723,9.4383864,3314.9775,0
53.866667,29.111392,9.4601114,3309.3647,0
53.883333,29.269422,9.4817931,3303.739,0
53.9,29.427812,9.5034314,3298.1004,0
53.916667,29.586563,9.5250262,3292.4489,0
53.933333,29.745672,9.5465774,3286.7845,0
53.95,29.90514,9.5680848,3281.1074,0
53.966667,30.064966,9.5895484,3275.4174,0
53.983333,30.225149,9.6109682,3269.7147,0
54,30.385688,9.6323439,3263.9993,0
54.016667,30.546583,9.6536755,3258.2711,0
54.033333,30.707832,9.6749629,3252.5303,0
54.05,30.869435,9.696206,3246.7768,0
54.066667,31.031392,9.7174047,3241.0107,0
54.083333,31.193701,9.7385589,3235.2319,0
54.1,31.356363,9.7596685,3229.4406,0
54.116667,31.519375,9.7807334,3223.6367,0
54.133333,31.682737,9.8017535,3217.8203,0
54.15,31.84645,9.8227287,3211.9914,0
54.166667,32.010511,9.843659,3206.1501,0
54.183333,32.17492,9.8645441,3200.2962,0
54.2,32.339676,9.8853842,3194.43,0
54.216667,32.504779,9.9061789,3188.5514,0
54.233333,32.670228,9.9269283,3182.6604,0
54.25,32.836022,9.9476322,3176.757,0
54.266667,33.00216,9.9682905,3170.8414,0
54.283333,33.168642,9.9889033,3164.9135,0
54.3,33.335466,10.00947,3158.9733,0
54.316667,33.502633,10.029991,3153.0208,0
54.333333,33.67014,10.050467,3147.0562,0
54.35,33.837989,10.070896,3141.0794,0
54.366667,34.006177,10.091279,3135.0905,0
54.383333,34.174704,10.111616,3129.0894,0
54.4,34.343569,10.131906,3123.0762,0
54.416667,34.512771,10.15215,3117.051,0
54.433333,34.68231,10.172348,3111.0137,0
54.45,34.852185,10.192499,3104.9644,0
54.466667,35.022395,10.212604,3098.9032,0
54.483333,35.19294,10.232661,3092.8299,0
54.5,35.363818,10.252672,3086.7448,0
54.516667,35.535028,10.272636,3080.6477,0
54.533333,35.706571,10.292553,3074.5388,0
54.55,35.878444,10.312422,3068.418,0
54.566667,36.050648,10.332245,3062.2855,0
54.583333,36.223182,10.35202,3056.1411,0
54.6,36.396045,10.371748,3049.9849,0
54.616667,36.569235,10.391428,3043.8171,0
54.633333,36.742753,10.411061,3037.6375,0
54.65,36.916597,10.430646,3031.4463,0
54.666667,37.090767,10.450183,3025.2434,0
54.683333,37.265261,10.469672,3019.0289,0
54.7,37.44008,10.489114,3012.8028,0
54.716667,37.615221,10.508507,3006.5651,0
54.733333,37.790686,10.527852,3000.3159,0
54.75,37.966471,10.547149,2994.0552,0
54.766667,38.142578,10.566398,2987.7831,0
54.783333,38.319005,10.585598,2981.4995,0
54.8,38.495751,10.60475,2975.2044,0
54.816667,38.672815,10.623854,2968.898,0
54.833333,38.850197,10.642908,2962.5802,0
54.85,39.027895,10.661914,2956.2511,0
54.866667,39.20591,10.680871,2949.9107,0
54.883333,39.384239,10.69978,2943.559,0
54.9,39.562883,10.718639,2937.196,0
54.916667,39.741841,10.737449,2930.8219,0
54.933333,39.921111,10.75621,2924.4366,0
54.95,40.100693,10.774922,2918.0401,0
54.966667,40.280586,10.793584,2911.6324,0
54.983333,40.460789,10.812197,2905.2137,0
55,40.641302,10.830761,2898.7839,0
55.016667,40.822123,10.849274,2892.3431,0
55.033333,41.003252,10.867739,2885.8913,0
55.05,41.184688,10.886153,2879.4284,0
55.066667,41.36643,10.904517,2872.9547,0
55.083333,41.548477,10.922832,2866.47,0
55.1,41.730829,10.941097,2859.9744,0
55.116667,41.913484,10.959311,2853.468,0
55.133333,42.096442,10.977475,2846.9507,0
55.15,42.279702,10.995589,2840.4226,0
55.166667,42.463263,11.013653,2833.8838,0
55.183333,42.647124,11.031666,2827.3342,0
55.2,42.831284,11.049629,2820.7739,0
55.216667,43.015743,11.067541,2814.2029,0
55.233333,43.2005,11.085403,2807.6212,0
55.25,43.385554,11.103213,2801.029,0
55.266667,43.570903,11.120973,2794.4261,0
55.283333,43.756548,11.138682,2787.8127,0
55.3,43.942487,11.15634,2781.1888,0
55.316667,44.128719,11.173947,2774.5543,0
55.333333,44.315244,11.191503,2767.9094,0
55.35,44.502061,11.209007,2761.2541,0
55.366667,44.689169,11.22646,2754.5883,0
55.383333,44.876567,11.243862,2747.9122,0
55.4,45.064253,11.261212,2741.2257,0
55.416667,45.252229,11.278511,2734.5289,0
55.433333,45.440491,11.295758,2727.8218,0
55.45,45.62904,11.312953,2721.1044,0
55.466667,45.817875,11.330096,2714.3768,0
55.483333,46.006995,11.347188,2707.6391,0
55.5,46.196399,11.364227,2700.8911,0
55.516667,46.386086,11.381215,2694.1331,0
55.533333,46.576055,11.39815,2687.3649,0
55.55,46.766306,11.415034,2680.5866,0
55.566667,46.956837,11.431865,2673.7984,0
55.583333,47.147647,11.448643,2667.0001,0
55.6,47.338737,11.46537,2660.1918,0
55.616667,47.530104,11.482043,2653.3736,0
55.633333,47.721749,11.498664,2646.5454,0
55.65,47.913669,11.515233,2639.7074,0
55.666667,48.105865,11.531749,2632.8596,0
55.683333,48.298335,11.548212,2626.0019,0
55.7,48.491079,11.564622,2619.1344,0
55.716667,48.684095,11.580979,2612.2571,0
55.733333,48.877383,11.597283,2605.3702,0
55.75,49.070942,11.613534,2598.4735,0
55.766667,49.264771,11.629731,2591.5672,0
55.783333,49.458869,11.645876,2584.6512,0
55.8,49.653235,11.661967,2577.7257,0
55.816667,49.847869,11.678005,2570.7905,0
55.833333,50.042768,11.693989,2563.8459,0
55.85,50.237934,11.70992,2556.8917,0
55.866667,50.433364,11.725797,2549.928,0
55.883333,50.629057,11.741621,2542.955,0
55.9,50.825014,11.75739,2535.9725,0
55.916667,51.021232,11.773106,2528.9806,0
55.933333,51.217712,11.788768,2521.9794,0
55.95,51.414451,11.804376,2514.9688,0
55.966667,51.61145,11.81993,2507.949,0
55.983333,51.808707,11.83543,2500.9199,0
56,52.006222,11.850875,2493.8817,0
56.016667,52.203993,11.866266,2486.8342,0
56.033333,52.40202,11.881603,2479.7776,0
56.05,52.600301,11.896886,2472.7118,0
56.066667,52.798836,11.912114,2465.637,0
56.083333,52.997625,11.927288,2458.5531,0
56.1,53.196665,11.942406,2451.4602,0
56.116667,53.395956,11.957471,2444.3583,0
56.133333,53.595497,11.97248,2437.2474,0
56.15,53.795288,11.987435,2430.1277,0
56.166667,53.995327,12.002335,2422.999,0
56.183333,54.195613,12.017179,2415.8614,0
56.2,54.396146,12.031969,2408.7151,0
56.216667,54.596924,12.046704,2401.5599,0
56.233333,54.797947,12.061383,2394.396,0
56.25,54.999214,12.076007,2387.2233,0
56.266667,55.200724,12.090576,2380.042,0
56.283333,55.402475,12.10509,2372.852,0
56.3,55.604468,12.119548,2365.6533,0
56.316667,55.8067,12.133951,2358.4461,0
56.333333,56.009172,12.148298,2351.2303,0
56.35,56.211882,12.162589,2344.0059,0
56.366667,56.414829,12.176825,2336.7731,0
56.383333,56.618012,12.191005,2329.5318,0
56.4,56.821431,12.205129,2322.282,0
56.416667,57.025084,12.219198,2315.0239,0
56.433333,57.228971,12.23321,2307.7574,0
56.45,57.43309,12.247166,2300.4826,0
56.466667,57.637442,12.261067,2293.1994,0
56.483333,57.842023,12.274911,2285.908,0
56.5,58.046835,12.288699,2278.6084,0
56.516667,58.251876,12.30243,2271.3006,0
56.533333,58.457144,12.316106,2263.9846,0
56.55,58.662639,12.329724,2256.6604,0
56.566667,58.868361,12.343287,2249.3282,0
56.583333,59.074307,12.356793,2241.9879,0
56.6,59.280478,12.370242,2234.6396,0
56.616667,59.486872,12.383635,2227.2832,0
56.633333,59.693488,12.396971,2219.919,0
56.65,59.900326,12.41025,2212.5467,0
56.666667,60.107384,12.423472,2205.1666,0
56.683333,60.314661,12.436638,2197.7786,0
56.7,60.522157,12.449746,2190.3828,0
56.716667,60.72987,12.462798,2182.9792,0
56.733333,60.9378,12.475792,2175.5679,0
56.75,61.145945,12.48873,2168.1488,0
56.766667,61.354305,12.50161,2160.722,0
56.783333,61.562879,12.514433,2153.2875,0
56.8,61.771666,12.527198,2145.8454,0
56.816667,61.980664,12.539906,2138.3958,0
56.833333,62.189874,12.552557,2130.9386,0
56.85,62.399293,12.565151,2123.4738,0
56.866667,62.608921,12.577686,2116.0016,0
56.883333,62.818757,12.590164,2108.5219,0
56.9,63.0288,12.602585,2101.0348,0
56.916667,63.239049,12.614948,2093.5403,0
56.933333,63.449503,12.627253,2086.0384,0
56.95,63.660162,12.6395,2078.5293,0
56.966667,63.871023,12.651689,2071.0128,0
56.983333,64.082087,12.663821,2063.4891,0
57,64.293352,12.675894,2055.9582,0
57.016667,64.504817,12.68791,2048.4201,0
57.033333,64.716481,12.699867,2040.8749,0
57.05,64.928344,12.711766,2033.3225,0
57.066667,65.140404,12.723607,2025.7631,0
57.083333,65.352661,12.73539,2018.1967,0
57.1,65.565113,12.747114,2010.6232,0
57.116667,65.777759,12.75878,2003.0427,0
57.133333,65.990599,12.770387,1995.4554,0
57.15,66.203631,12.781936,1987.8611,0
57.166667,66.416855,12.793427,1980.2599,0
57.183333,66.630269,12.804859,1972.6519,0
57.2,66.843873,12.816232,1965.0372,0
57.216667,67.057666,12.827547,1957.4156,0
57.233333,67.271646,12.838803,1949.7873,0
57.25,67.485812,12.85,1942.1524,0
57.266667,67.700165,12.861138,1934.5107,0
57.283333,67.914702,12.872217,1926.8625,0
57.3,68.129422,12.883238,1919.2076,0
57.316667,68.344325,12.894199,1911.5462,0
57.333333,68.55941,12.905101,1903.8783,0
57.35,68.774676,12.915945,1896.2039,0
57.366667,68.990122,12.926729,1888.5231,0
57.383333,69.205746,12.937454,1880.8358,0
57.4,69.421548,12.948119,1873.1422,0
57.416667,69.637527,12.958726,1865.4422,0
57.433333,69.853681,12.969273,1857.7359,0
57.45,70.070011,12.97976,1850.0234,0
57.466667,70.286514,12.990189,1842.3046,0
57.483333,70.50319,13.000557,1834.5796,0
57.5,70.720037,13.010867,1826.8484,0
57.516667,70.937056,13.021116,1819.1111,0
57.533333,71.154244,13.031306,1811.3678,0
57.55,71.371602,13.041436,1803.6183,0
57.566667,71.589127,13.051507,1795.8628,0
57.583333,71.806819,13.061518,1788.1014,0
57.6,72.024677,13.071469,1780.334,0
57.616667,72.242699,13.08136,1772.5606,0
57.633333,72.460886,13.091191,1764.7814,0
57.65,72.679235,13.100963,1756.9964,0
57.666667,72.897746,13.110674,1749.2055,0
57.683333,73.116419,13.120325,1741.4088,0
57.7,73.33525,13.129917,1733.6065,0
57.716667,73.554241,13.139448,1725.7984,0
57.733333,73.77339,13.148919,1717.9846,0
57.75,73.992695,13.158329,1710.1652,0
57.766667,74.212157,13.16768,1702.3402,0
57.783333,74.431773,13.17697,1694.5097,0
57.8,74.651543,13.1862,1686.6736,0
57.816667,74.871466,13.195369,1678.8321,0
57.833333,75.09154,13.204478,1670.9851,0
57.85,75.311766,13.213527,1663.1326,0
57.866667,75.532141,13.222515,1655.2748,0
57.883333,75.752665,13.231442,1647.4117,0
57.9,75.973337,13.240309,1639.5432,0
57.916667,76.194155,13.249115,1631.6695,0
57.933333,76.41512,13.257861,1623.7905,0
57.95,76.636229,13.266546,1615.9063,0
57.966667,76.857482,13.27517,1608.017,0
57.983333,77.078877,13.283733,1600.1225,0
58,77.300415,13.292236,1592.2229,0
58.016667,77.522093,13.300677,1584.3183,0
58.033333,77.74391,13.309058,1576.4087,0
58.05,77.965866,13.317378,1568.4941,0
58.066667,78.18796,13.325637,1560.5745,0
58.083333,78.410191,13.333834,1552.65,0
58.1,78.632557,13.341971,1544.7207,0
58.116667,78.855058,13.350047,1536.7865,0
58.133333,79.077692,13.358061,1528.8475,0
58.15,79.300459,13.366015,1520.9037,0
58.166667,79.523358,13.373907,1512.9552,0
58.183333,79.746387,13.381738,1505.002,0
58.2,79.969545,13.389507,1497.0442,0
58.216667,80.192832,13.397216,1489.0817,0
58.233333,80.416246,13.404862,1481.1147,0
58.25,80.639787,13.412448,1473.1431,0
58.266667,80.863453,13.419972,1465.167,0
58.283333,81.087244,13.427435,1457.1864,0
58.3,81.311158,13.434836,1449.2014,0
58.316667,81.535194,13.442176,1441.212,0
58.333333,81.759352,13.449454,1433.2182,0
58.35,81.98363,13.45667,1425.2201,0
58.366667,82.208027,13.463825,1417.2177,0
58.383333,82.432542,13.470919,1409.211,0
58.4,82.657174,13.47795,1401.2001,0
58.416667,82.881923,13.48492,1393.1851,0
58.433333,83.106787,13.491828,1385.1659,0
58.45,83.331765,13.498674,1377.1426,0
58.466667,83.556856,13.505459,1369.1152,0
58.483333,83.782059,13.512182,1361.0838,0
58.5,84.007373,13.518842,1353.0484,0
58.516667,84.232797,13.525441,1345.009,0
58.533333,84.45833,13.531978,1336.9657,0
58.55,84.683971,13.538453,1328.9185,0
58.566667,84.909718,13.544866,1320.8675,0
58.583333,85.135572,13.551217,1312.8126,0
58.6,85.361531,13.557506,1304.754,0
58.616667,85.587593,13.563733,1296.6916,0
58.633333,85.813758,13.569898,1288.6256,0
58.65,86.040024,13.576,1280.5558,0
58.666667,86.266392,13.582041,1272.4825,0
58.683333,86.492859,13.588019,1264.4055,0
58.7,86.719424,13.593935,1256.325,0
58.716667,86.946087,13.599789,1248.241,0
58.733333,87.172847,13.60558,1240.1534,0
58.75,87.399702,13.611309,1232.0625,0
58.766667,87.626652,13.616976,1223.9681,0
58.783333,87.853695,13.62258,1215.8704,0
58.8,88.08083,13.628123,1207.7693,0
58.816667,88.308057,13.633602,1199.665,0
58.833333,88.535374,13.639019,1191.5573,0
58.85,88.76278,13.644374,1183.4465,0
58.866667,88.990275,13.649667,1175.3325,0
58.883333,89.217856,13.654896,1167.2153,0
58.9,89.445524,13.660064,1159.095,0
58.916667,89.673277,13.665168,1150.9717,0
58.933333,89.901114,13.670211,1142.8453,0
58.95,90.129033,13.67519,1134.7159,0
58.966667,90.357035,13.680107,1126.5835,0
58.983333,90.585118,13.684961,1118.4483,0
59,90.81328,13.689753,1110.3101,0
59.016667,91.041522,13.694482,1102.1691,0
59.033333,91.269841,13.699148,1094.0253,0
59.05,91.498237,13.703752,1085.8787,0
59.066667,91.726708,13.708292,1077.7293,0
59.083333,91.955255,13.71277,1069.5773,0
59.1,92.183874,13.717186,1061.4226,0
59.116667,92.412567,13.721538,1053.2653,0
59.133333,92.64133,13.725828,1045.1053,0
59.15,92.870165,13.730054,1036.9429,0
59.166667,93.099068,13.734218,1028.7779,0
59.183333,93.32804,13.738319,1020.6104,0
59.2,93.55708,13.742357,1012.4406,0
59.216667,93.786185,13.746332,1004.2683,0
59.233333,94.015356,13.750244,996.0936,0
59.25,94.244591,13.754093,987.91662,0
59.266667,94.473889,13.757879,979.73734,0
59.283333,94.703249,13.761603,971.55582,0
59.3,94.93267,13.765263,963.37208,0
59.316667,95.162151,13.76886,955.18616,0
59.333333,95.391691,13.772394,946.99811,0
59.35,95.621288,13.775865,938.80795,0
59.366667,95.850943,13.779273,930.61573,0
59.383333,96.080653,13.782618,922.42148,0
59.4,96.310418,13.785899,914.22525,0
59.416667,96.540237,13.789118,906.02706,0
59.433333,96.770108,13.792273,897.82696,0
59.45,97.000031,13.795366,889.62498,0
59.466667,97.230004,13.798395,881.42116,0
59.483333,97.460027,13.801361,873.21554,0
59.5,97.690098,13.804264,865.00816,0
59.516667,97.920216,13.807103,856.79905,0
59.533333,98.150381,13.809879,848.58825,0
59.55,98.380591,13.812592,840.3758,0
59.566667,98.610845,13.815242,832.16174,0
59.583333,98.841142,13.817829,823.9461,0
59.6,99.071481,13.820352,815.72893,0
59.616667,99.301861,13.822812,807.51025,0
59.633333,99.532282,13.825209,799.29011,0
59.65,99.762741,13.827542,791.06855,0
59.666667,99.993237,13.829812,782.8456,0
59.683333,100.22377,13.832019,774.62129,0
59.7,100.4543,13.832019,0,627.66432
59.716667,100.68484,13.832019,0,635.88993
59.733333,100.91537,13.832019,0,644.11555
59.75,101.14591,13.832019,0,652.34116
59.766667,101.37644,13.832019,0,660.56678
59.783333,101.60697,13.832019,0,668.79239
59.8,101.83751,13.832019,0,677.01801
59.816667,102.06804,13.831974,0,685.24362
59.833333,102.29857,13.831866,0,693.46921
59.85,102.5291,13.831695,0,701.69473
59.866667,102.75962,13.831461,0,709.92015
59.883333,102.99014,13.831163,0,718.14544
59.9,103.22066,13.830801,0,726.37054
59.916667,103.45116,13.830377,0,734.59543
59.933333,103.68166,13.829889,0,742.82007
59.95,103.91215,13.829338,0,751.04442
59.966667,104.14263,13.828723,0,759.26844
59.983333,104.3731,13.828045,0,767.49209
60,104.60355,13.827304,0,775.71534
